Name,Tm (°C),DSF,Affinity,Circular Dichroism,CDR3 length,Method,Antigens,Origin,Yield (mg/L),Sequence - Raw,Sequence - Aho,CDR1 length,CDR2 length
NRL-N-C2,,,1.1,67.5,14,immunization,SARS-CoV-2 nucleocapsid (N),Llama,14,EVQLQASGGGLVRPGGSLRLSCAASGFTFSSYAMMWVRQAPGKGLEWVSAINGGGGSTSYADSVKGRFTISRDNAKNTLYLQMNSLKPEDTAVYYCAKYQAAVHQEKEDYWGQGTQVTVSS,EVQLQAS-GGGLVRPGGSLRLSCAASG-FTFSS-----YAMMWVRQAPGKGLEWVSAINGG----GGSTSYADSVKGRFTISRDNAKNT--LYLQMNSLKPEDTAVYYCAKYQAAVH------------------QEKEDYWGQGTQVTVSS,13,10
NRL-N-C2-hop,,,,65,14,tail,SARS-CoV-2 nucleocapsid (N),Llama,22.5,EVQLQASGGGLVRPGGSLRLSCAASGFTFSSYAMMWVRQAPGKGLEWVSAINGGGGSTSYADSVKGRFTISRDNAKNTLYLQMNSLKPEDTAVYYCAKYQAAVHQEKEDYWGQGTQVTVSSAAAGAGGSGGAPASNRCSQGSCWN,EVQLQAS-GGGLVRPGGSLRLSCAASG-FTFSS-----YAMMWVRQAPGKGLEWVSAINGG----GGSTSYADSVKGRFTISRDNAKNT--LYLQMNSLKPEDTAVYYCAKYQAAVH------------------QEKEDYWGQGTQVTVSS,13,10
NRL-N-E2,,,0.8,62,19,immunization,SARS-CoV-2 nucleocapsid (N),Llama,30.4,EVQLQASGGGLVQAGGSLRLSCAASGRTDSTQHMAWFRQAPGKEREFVTAIQWRGGGTSYTDSVKGRFTISRDNAKNTVYLEMNSLKPEDTAVYYCATNTRWTYFSPTVPDRYDYWGQGTQVTVSS,EVQLQAS-GGGLVQAGGSLRLSCAASG-RTDST-----QHMAWFRQAPGKEREFVTAIQWR----GGGTSYTDSVKGRFTISRDNAKNT--VYLEMNSLKPEDTAVYYCATNTRWTYFS-------------PTVPDRYDYWGQGTQVTVSS,13,10
NRL-N-E2-hop,,,,62,19,tail,SARS-CoV-2 nucleocapsid (N),Llama,36.7,EVQLQASGGGLVQAGGSLRLSCAASGRTDSTQHMAWFRQAPGKEREFVTAIQWRGGGTSYTDSVKGRFTISRDNAKNTVYLEMNSLKPEDTAVYYCATNTRWTYFSPTVPDRYDYWGQGTQVTVSSAAAGAGGSGGAPASNRCSQGSCWN,EVQLQAS-GGGLVQAGGSLRLSCAASG-RTDST-----QHMAWFRQAPGKEREFVTAIQWR----GGGTSYTDSVKGRFTISRDNAKNT--VYLEMNSLKPEDTAVYYCATNTRWTYFS-------------PTVPDRYDYWGQGTQVTVSS,13,10
NRL-N-E10,,,14,70,21,immunization,SARS-CoV-2 nucleocapsid (N),Llama,7,DVQLQASGGGLVQAGGSLRLSCAASARTFYTMGWFRQVLGKDREFVGAIRWGVYATTRYADSVKGRFSISRDDATNTVALQMNSLKPEDTAVYYCAARAGPLGFELSATSSAEYDYWGQGTQVTVSS,DVQLQAS-GGGLVQAGGSLRLSCAASA-RTF-------YTMGWFRQVLGKDREFVGAIRWG---VYATTRYADSVKGRFSISRDDATNT--VALQMNSLKPEDTAVYYCAARAGPLGFEL-----------SATSSAEYDYWGQGTQVTVSS,11,11
NRL-N-E10-hop,,,,68,21,tail,SARS-CoV-2 nucleocapsid (N),Llama,4.6,DVQLQASGGGLVQAGGSLRLSCAASARTFYTMGWFRQVLGKDREFVGAIRWGVYATTRYADSVKGRFSISRDDATNTVALQMNSLKPEDTAVYYCAARAGPLGFELSATSSAEYDYWGQGTQVTVSSAAAGAGGSGGAPASNRCSQGSCWN,DVQLQAS-GGGLVQAGGSLRLSCAASA-RTF-------YTMGWFRQVLGKDREFVGAIRWG---VYATTRYADSVKGRFSISRDDATNT--VALQMNSLKPEDTAVYYCAARAGPLGFEL-----------SATSSAEYDYWGQGTQVTVSS,11,11
NRL-N-B6,,,1.6,55,19,immunization,SARS-CoV-2 nucleocapsid (N),Llama,2,EVQLQASGGGLVQAGDSLRLSCVAVSGRTISTFAMGWFRQAPGKEREFVATINWSGSSARYADPVEGRFTISRDDAKNTVYLEMSSLKPGDSAVYYCASGRYLGGITSYSQGDFAPWGQGTQVTVSS,EVQLQAS-GGGLVQAGDSLRLSCVAVSGRTIST-----FAMGWFRQAPGKEREFVATINWS----GSSARYADPVEGRFTISRDDAKNT--VYLEMSSLKPGDSAVYYCASGRYLGGIT-------------SYSQGDFAPWGQGTQVTVSS,14,10
NRL-N-B6-hop,,,,55,19,tail,SARS-CoV-2 nucleocapsid (N),Llama,2.6,EVQLQASGGGLVQAGDSLRLSCVAVSGRTISTFAMGWFRQAPGKEREFVATINWSGSSARYADPVEGRFTISRDDAKNTVYLEMSSLKPGDSAVYYCASGRYLGGITSYSQGDFAPWGQGTQVTVSSAAAGAGGSGGAPASNRCSQGSCWN,EVQLQAS-GGGLVQAGDSLRLSCVAVSGRTIST-----FAMGWFRQAPGKEREFVATINWS----GSSARYADPVEGRFTISRDDAKNT--VYLEMSSLKPGDSAVYYCASGRYLGGIT-------------SYSQGDFAPWGQGTQVTVSS,14,10
DesAb-HSA-P1,,82.5,120,,21,grafting,HSA,Unknown,n/a,MEVQLEESGGGLVQPGGSLRLSCAASGFNIKDTYIGWVRQAPGKGEEWVASIYPTSGYTRYADSVKGRFTISADTSKNTAYLQMNSLRAEDTAVYYCAAGSIQKSLQTAESILEEFDYWGQGTLVTVSSDHHHHHHH,EVQLEES-GGGLVQPGGSLRLSCAASG-FNIKD-----TYIGWVRQAPGKGEEWVASIYPT----SGYTRYADSVKGRFTISADTSKNT--AYLQMNSLRAEDTAVYYCAAGSIQKSLQT-----------AESILEEFDYWGQGTLVTVSS,13,10
DesAb-HSA-P2,,80,380,,19,grafting,HSA,Unknown,n/a,MEVQLEESGGGLVQPGGSLRLSCAASGFNIKDTYIGWVRQAPGKGEEWVASIYPTSGYTRYADSVKGRFTISADTSKNTAYLQMNSLRAEDTAVYYCAAGSAQAGNAEEAEEEFDYWGQGTLVTVSSDHHHHHHH,EVQLEES-GGGLVQPGGSLRLSCAASG-FNIKD-----TYIGWVRQAPGKGEEWVASIYPT----SGYTRYADSVKGRFTISADTSKNT--AYLQMNSLRAEDTAVYYCAAGSAQAGNA-------------EEAEEEFDYWGQGTLVTVSS,13,10
DesAb-HSA-D3,,67.5,180,,21,grafting,HSA,Llama,n/a,MEVQLQESGGGLVQAGGSLRLSCAASGELYALISMGWFRQAPGKEREFVAAISRNGDNTYYTDSVKGRFTISRDNAKNTVELQMNSLKPEDTAVYYCAADKFASPDGSVTIMTNEYDYWGQGTQVTVSDHHHHHHH,EVQLQES-GGGLVQAGGSLRLSCAASG-ELYAL-----ISMGWFRQAPGKEREFVAAISRN----GDNTYYTDSVKGRFTISRDNAKNT--VELQMNSLKPEDTAVYYCAADKFASPDGS-----------VTIMTNEYDYWGQGTQVTVSD,13,10
DesAb-Tryp,,78.5,1800,,15,grafting,Trypsin,Unknown,n/a,MEVQLEESGGGLVQPGGSLRLSCAASGFNIKDTYIGWVRQAPGKGEEWVASIYPTSGYTRYADSVKGRFTISADTSKNTAYLQMNSLRAEDTAVYYCAAGSQSGYHFEEFDYWGQGTLVTVSSDHHHHHHH,EVQLEES-GGGLVQPGGSLRLSCAASG-FNIKD-----TYIGWVRQAPGKGEEWVASIYPT----SGYTRYADSVKGRFTISADTSKNT--AYLQMNSLRAEDTAVYYCAAGSQSGY-----------------HFEEFDYWGQGTLVTVSS,13,10
DesAb-RBD-C1,,77.5,210,,17,grafting,Spike RBD,Unknown,n/a,MEVQLEESGGGLVQPGGSLRLSCAASGFNIKDTYIGWVRQAPGKGEEWVASIYPTSGYTRYADSVKGRFTISADTSKNTAYLQMNSLRAEDTAVYYCAAGSGSSATEVYEEFDYWGQGTLVTVSSDHHHHHHH,EVQLEES-GGGLVQPGGSLRLSCAASG-FNIKD-----TYIGWVRQAPGKGEEWVASIYPT----SGYTRYADSVKGRFTISADTSKNT--AYLQMNSLRAEDTAVYYCAAGSGSSAT---------------EVYEEFDYWGQGTLVTVSS,13,10
DesAb-RBD-C2,,80,130,,16,grafting,Spike RBD,Unknown,n/a,MEVQLEESGGGLVQPGGSLRLSCAASGFNIKDTYIGWVRQAPGKGEEWVASIYPTSGYTRYADSVKGRFTISADTSKNTAYLQMNSLRAEDTAVYYCAAGSVVADLSVEEFDYWGQGTLVTVSSDHHHHHHH,EVQLEES-GGGLVQPGGSLRLSCAASG-FNIKD-----TYIGWVRQAPGKGEEWVASIYPT----SGYTRYADSVKGRFTISADTSKNT--AYLQMNSLRAEDTAVYYCAAGSVVADL----------------SVEEFDYWGQGTLVTVSS,13,10
aRBD-2,,,2.6,72.3,16,immunization,Spike RBD,Alpaca,n/a,QVQLVESGGGLVQAGGSLRLSCAASGRTYTMGWFRQAPGKEREFVAAMRWSDTDYADSLKGRFTISRDNANNAMYLQMNSLGPEDTAVYYCAAGEAWLARSTHHYDYWGQGTQVTVSS,QVQLVES-GGGLVQAGGSLRLSCAASG-RTY--------TMGWFRQAPGKEREFVAAMRW------SDTDYADSLKGRFTISRDNANNA--MYLQMNSLGPEDTAVYYCAAGEAWLAR----------------STHHYDYWGQGTQVTVSS,10,8
aRBD-3,,,3.33,75.44,21,immunization,Spike RBD,Alpaca,n/a,QVQLVESGGGLVQPGGSLRLSCAASGLTLDYYAIGWFRQAPGKEREGVSCISHPGGSTNYADSVKGRFTISRDNAKNTVYLQMNSLKPEDTAVYYCAASPLALFRLCVLPSPLPYDYWGQGTQVTVSS,QVQLVES-GGGLVQPGGSLRLSCAASG-LTLDY-----YAIGWFRQAPGKEREGVSCISHP----GGSTNYADSVKGRFTISRDNAKNT--VYLQMNSLKPEDTAVYYCAASPLALFRLC-----------VLPSPLPYDYWGQGTQVTVSS,13,10
aRBD-5,,,16.3,73.37,21,immunization,Spike RBD,Alpaca,n/a,QVQLVESGGGLVQPGGTLRLSCAASGFTLDYYAIGWFRQAPGKEREGVSCISGSGGITNYTDSVKGRFTISRDNAKNTVYLQMNSLKPEDTAVYYCAPVSHTVVAGCAFEAWTDFGSWGQGTQVTVSS,QVQLVES-GGGLVQPGGTLRLSCAASG-FTLDY-----YAIGWFRQAPGKEREGVSCISGS----GGITNYTDSVKGRFTISRDNAKNT--VYLQMNSLKPEDTAVYYCAPVSHTVVAGC-----------AFEAWTDFGSWGQGTQVTVSS,13,10
aRBD-7,,,3.31,78.98,21,immunization,Spike RBD,Alpaca,n/a,QLQLVESGGGLVQAGGSLRLSCAASERTFSGGVMGWFRQRPGKEREFVAAIRWNGASTFYADSVKGRFTCSRDNAKNTGYLQMNSLTPEDTAVYYCARAVRTYASSDYYFQERTYDYWGQGTQVTVSS,QLQLVES-GGGLVQAGGSLRLSCAASE-RTFSG-----GVMGWFRQRPGKEREFVAAIRWN----GASTFYADSVKGRFTCSRDNAKNT--GYLQMNSLTPEDTAVYYCARAVRTYASSD-----------YYFQERTYDYWGQGTQVTVSS,13,10
aRBD-41,,,21.9,71.26,17,immunization,Spike RBD,Alpaca,n/a,QVQLVESGGGLVQPGGSLRLSCAASGFTSGHYAIGWFRQAPGKEREGVSCIGSSDGSTYYADSVKGRFTISRDNAKNTVYLQMNSLKPEDTAVYYCAAGLWYGRSLNSFDYDYWGQGTQVTVSS,QVQLVES-GGGLVQPGGSLRLSCAASG-FTSGH-----YAIGWFRQAPGKEREGVSCIGSS----DGSTYYADSVKGRFTISRDNAKNT--VYLQMNSLKPEDTAVYYCAAGLWYGRS---------------LNSFDYDYWGQGTQVTVSS,13,10
aRBD-42,,,113,98.23,20,immunization,Spike RBD,Alpaca,n/a,QLQLVESGGGLVQAGGSLRLSCAASGRTFSSATMGWFRQAPGKEREFVAAISWSGLSRYYADSVKGRFTISRDNAENTVYLQMNSLKTEDTAVYYCAADSWGCSGLGCYDARQYDVWGQGTQVTVSS,QLQLVES-GGGLVQAGGSLRLSCAASG-RTFSS-----ATMGWFRQAPGKEREFVAAISWS----GLSRYYADSVKGRFTISRDNAENT--VYLQMNSLKTEDTAVYYCAADSWGCSGLG------------CYDARQYDVWGQGTQVTVSS,13,10
aRBD-54,,,5.49,71.07,17,immunization,Spike RBD,Alpaca,n/a,QLQLVESGGGLVQPGGSLRLSCAASGRTFGSFMGWFRQAPGQERDFVAAITWSGGSTYYADSVKGRFTISRDNAENTVYLQMNSLKPEDTAVYYCAARISSAYYTRSSSYAYWGQGTQVTVSS,QLQLVES-GGGLVQPGGSLRLSCAAS--GRTFG-----SFMGWFRQAPGQERDFVAAITWS----GGSTYYADSVKGRFTISRDNAENT--VYLQMNSLKPEDTAVYYCAARISSAYY---------------TRSSSYAYWGQGTQVTVSS,12,10
Nb21,,72.8,0.0001,,12,immunization,Spike RBD,Llama,5.6,QVQLVESGGGLVQAGGSLRLSCAVSGLGAHRVGWFRRAPGKEREFVAAIGANGGNTNYLDSVKGRFTISRDNAKNTIYLQMNSLKPQDTAVYYCAARDIETAEYTYWGQGTQVTVSS,QVQLVES-GGGLVQAGGSLRLSCAVS--GLGA------HRVGWFRRAPGKEREFVAAIGAN----GGNTNYLDSVKGRFTISRDNAKNT--IYLQMNSLKPQDTAVYYCAARDIET--------------------AEYTYWGQGTQVTVSS,11,10
Nb89,,65.9,0.1,,12,immunization,Spike RBD,Llama,0.6,HVQLVESGGGLVQAGGSLRLSCAASGGTFTTFRMAWFRQTPGKEREFVAASSWGFVNYADPVKGRFTISRDNAKNTVYLEMSSLKTEDTAVYYCAARNPGTGQYDYWGQGTQVTVSS,HVQLVES-GGGLVQAGGSLRLSCAASG-GTFTT-----FRMAWFRQTPGKEREFVAASSW------GFVNYADPVKGRFTISRDNAKNT--VYLEMSSLKTEDTAVYYCAARNPGT--------------------GQYDYWGQGTQVTVSS,13,8
NIH-CoVnb-112,,,4.94,74.4,23,immunization,Spike RBD,Llama,40,DVQLQESGGGLVQPGGSLRLSCAASGLTLDYYAIGWFRQAPGKEREGVSCISSSDGSTYYADSVKGRFTTSRDNAKNTVYLQMNSLKPEDTAVYYCAAVPSTYYSGTYYYTCHPGGMDYWGKGTQVTVSS,DVQLQES-GGGLVQPGGSLRLSCAASG-LTLDY-----YAIGWFRQAPGKEREGVSCISSS----DGSTYYADSVKGRFTTSRDNAKNT--VYLQMNSLKPEDTAVYYCAAVPSTYYSGTY---------YYTCHPGGMDYWGKGTQVTVSS,13,10
W25UACh,,,0.295,,13,immunization,Spike RBD,Alpaca,60,QVQLVESGGGLVQPGESLRLSCAASGSIFGIYAVHWFRMAPGKEREFTAGFGSHGSTNYAASVKGRFTMSRDNAKNTTYLQMNSLKPADTAVYYCHALIKNELGFLDYWGPGTQVTVSS,QVQLVES-GGGLVQPGESLRLSCAASG-SIFGI-----YAVHWFRMAPGKEREFTAGFGS-----HGSTNYAASVKGRFTMSRDNAKNT--TYLQMNSLKPADTAVYYCHALIKNE-------------------LGFLDYWGPGTQVTVSS,13,9
Nb1,,57.9,pendiente,,20,immunization,sfGFP,Camel,n/a,QVQLQESGGGSVQAGGSLKLSCAASGGAYRNACMGFRQAPGKEREGAIINSVDTTYYADPVKGRFTISRDNAKSTVYLLMNSLKPEDTAIYYCAQVARVVCPGDKLGASGYNYWGQGTQVTVSS,QVQLQES-GGGSVQAGGSLKLSCAAS--GGAYR-----NACMGFRQAPGKEREGAIINSV------DTTYYADPVKGRFTISRDNAKST--VYLLMNSLKPEDTAIYYCAQVARVVCPGD------------KLGASGYNYWGQGTQVTVSS,12,8
Nb4,,75.6,pendiente,,21,immunization,sfGFP,Camel,n/a,QVQLQESGGGSVQAGGSLRLSCAASGNTHITLAFRQAPGKEREGVFIYTSTGYTYYSDSVKGRFTISQDNAKNTVYLQMDNLKPEDAGMYYCAAGRTRSVRPGGRIDPGAFDYWGQGTQVTVSS,QVQLQES-GGGSVQAGGSLRLSCAAS--GNTH-------ITLAFRQAPGKEREGVFIYTS-----TGYTYYSDSVKGRFTISQDNAKNT--VYLQMDNLKPEDAGMYYCAAGRTRSVRPG-----------GRIDPGAFDYWGQGTQVTVSS,10,9
Nb7,,51.8,pendiente,,10,immunization,sfGFP,Camel,n/a,QVQLQESGGGSVQAGGSLRLSCESSGMTFSVYNLGLRQAPGQECELSTITRDGSTDYADSMKGRFTISRDNAKNTMYLQMTSLKPDDTAVYYCAAGVGVVDCTEGQGTQVTVSS,QVQLQES-GGGSVQAGGSLRLSCESSG-MTFSV-----YNLG-LRQAPGQECEL-STITR-----DGSTDYADSMKGRFTISRDNAKNT--MYLQMTSLKPDDTAVYYCAAGVGV----------------------VDCTEGQGTQVTVSS,13,9
Nb_7,54.5,,5.5,,17,immunization,Acute Myeloid Leukemia Marker CD33,Llama,n/a,QVQLQESGGGLVQAGGSLRLSCTAFRSVGVIDVMGWYRQAPGKQRELVATVTSGSSTTYADSVKGRFAISRDNAKTVSLQMNSLKPEDTAVYYCADDDEGKLLNRRSVWYYWSQGTQVTVSS,QVQLQES-GGGLVQAGGSLRLSCTAFR-SVGVI-----DVMGWYRQAPGKQRELVATVTS-----GSSTTYADSVKGRFAISRDNA-KT--VSLQMNSLKPEDTAVYYCADDDEGKLL---------------NRRSVWYYWSQGTQVTVSS,13,9
Nb_12,58,,3.9,,12,immunization,Acute Myeloid Leukemia Marker CD33,Llama,n/a,QVQLQESGGGLVQPGGSLRLSCAASGFTFGSYDMAWVRQAPGKGPEWVSSINSSGGSTEYASSVKGRFTVSRDNAKNMLYLQMDRLKLEDTAVYYCADEGNPSTTWYYEDQGTQVTVSS,QVQLQES-GGGLVQPGGSLRLSCAASG-FTFGS-----YDMAWVRQAPGKGPEWVSSINSS----GGSTEYASSVKGRFTVSRDNAKNM--LYLQMDRLKLEDTAVYYCADEGNPS--------------------TTWYYEDQGTQVTVSS,13,10
Nb_16,58,,260,,11,immunization,Acute Myeloid Leukemia Marker CD33,Llama,n/a,QVQLQESGGGLVQAGGSLRLSCASSGSILSMNVMGWYRQAPGKQREMVAQITRIGDTNYSSSMKGRFTISRDNADNTLYLQMNRLEPEDTAVYFCANNNRSTYYYYWGQGTQVTVSS,QVQLQES-GGGLVQAGGSLRLSCASSG-SILSM-----NVMGWYRQAPGKQREMVAQITR-----IGDTNYSSSMKGRFTISRDNADNT--LYLQMNRLEPEDTAVYFCANNNRS---------------------TYYYYWGQGTQVTVSS,13,9
Nb_21,53,,7,,17,immunization,Acute Myeloid Leukemia Marker CD33,Llama,n/a,QVQLQESGGGLVQAGGSLRLSCTALRSVGSENGMGWYRQSPGNQRELVATVTSDTSTTYRDSVKGRFAISRDSAKTVSLQMNNLKPEDTAVYYCADEEGHHLLNRRSTVWYWGQGTQVTVSS,QVQLQES-GGGLVQAGGSLRLSCTALR-SVGSE-----NGMGWYRQSPGNQRELVATVTS-----DTSTTYRDSVKGRFAISRDSA-KT--VSLQMNNLKPEDTAVYYCADEEGHHLL---------------NRRSTVWYWGQGTQVTVSS,13,9
Nb_22,58,,13,,17,immunization,Acute Myeloid Leukemia Marker CD33,Llama,n/a,QVQLQESGGGLVQAGGSLRLSCTAFRSVGVIDVMGWYRQAPGTQRELVATVTSSSSTTYADSVKGRFAISRDDAKTVSLQMNSLKPEDTAVYYCADDEEGLLNNRRSSVWYWGQGTQVTVSS,QVQLQES-GGGLVQAGGSLRLSCTAFR-SVGVI-----DVMGWYRQAPGTQRELVATVTS-----SSSTTYADSVKGRFAISRDDA-KT--VSLQMNSLKPEDTAVYYCADDEEGLLN---------------NRRSSVWYWGQGTQVTVSS,13,9
Nb_87,68,,81,,5,immunization,Acute Myeloid Leukemia Marker CD33,Llama,n/a,QVQLQESGGGLVQAGGSLRLSCAASGSIGSINFIFWYRQAPGKQREFVARISRSGRSDYVESVKGRFTISRDNAKNTVYLQMNNLKSEDTAVYYCALGNNWGQGTQVTVSS,QVQLQES-GGGLVQAGGSLRLSCAASG-SIGSI-----NFIFWYRQAPGKQREFVARISR-----SGRSDYVESVKGRFTISRDNAKNT--VYLQMNNLKSEDTAVYYCALG---------------------------NNWGQGTQVTVSS,13,9
NbPep1,71.05,72.27794362,,,19,unknown,n/a,Camel,n/a,n/a,QVQLQES-GGGSVQAGGSLRLSCSASG-FYYDR-----WYMAWFRQVPGKEREEVAVINSA----DGSTYYADSVKGRFSISLGPTKKT--ANLLMSSLKPEDTGIYYCAATDGATIFG-------------TPSVRQARAWGQGTQVTVSS,13,10
NbPep2,74.35,69.31533997,,,19,unknown,n/a,Camel,n/a,n/a,QVQLQES-GGGSVQAGGSLRLSCTASG-FYYSY-----WYIAWFRQAPGKEREEVAVINSS----DLSTYVADSVKGRFTISQENGGKT--AVLLMTSLKPEDTAIYYCAAKDGATIFG-------------LPSARQIQSWGLGTQVTVSS,13,10
NbD1,63.9,59.72880597,,,12,unknown,n/a,Camel,n/a,n/a,QVQLQES-GGGSVQAGGSLRLSCAASG-WTYST-----ATMGWYRQAPGKERELVSSIFS-----DENTYYKDSVKGRFTISRDAAKNT--VYLQMNSLKPEDTAMYYCYIRPTTS--------------------LANWRWGQGTQVTVSS,13,9
NbPep3,62.45,57.9485738,,,9,unknown,n/a,Camel,n/a,n/a,QVQLQES-GGGSVQAGGSLRLSCAASG-YTYSA-----SSMGWSRQVPGRQREGIAFIYSR----SGGTNYADSVKGRFTISQNSAKNM--VYLQMDNLKTEDTAMYYCYSMYA-----------------------GKAYWGQGTQVTVSS,13,10
NbPep4,64.55,64.8392869,,,23,unknown,n/a,Camel,n/a,n/a,QVQLQES-GGGSVQAGGSLRLSCVASE-YDFNSY--SSVSVGWFRQAPGKECVLVSRIGN-----DARTDYSDNVKGRFTISRDNAKRT--AYLEMNSLKAEDTAVYYCAANQLSSAVVGT---------EYPCSKAAFAHWGQGTQVTVSS,16,9
NbD9,63.2,55.29295191,,,12,unknown,n/a,Camel,n/a,n/a,QVQLQES-GGGSVQAGGSLRLSCVASG-YLFSL-----RGMGWYRQAPGKERELVSIISR-----YGPTKYADSVKGRFTISQDNAKNT--LYLQMNSLKPEDTAVYFCAASRPNS--------------------DKLDYWGQGTQVTVSS,13,9
NbD8,57.95,53.59998342,,,18,unknown,n/a,Camel,n/a,n/a,QVQLQES-GGGSVQAGGSLRLSCAASG-YTYGS-----NSMGWFRQAPGKEREGVATIDRG----GGRTLYTDSVKGRFTISQDNAKNT--VYLQMNSLKPEDTAMYYCAADDNWRGDG--------------LDPSDFDYWGQGTQVTVSS,13,10
NbPep5,67.05,67.13222222,,,9,unknown,n/a,Camel,n/a,n/a,QVQLQES-GGGSVQAGGSLRLSCAVPE-YTFNS-----YAMYWFRQAPGKECEYVSGIMR-----NGITNYADSVKGRFTISRDNAKNT--VYLQMNNLKPEDTAVYYCAPSGD-----------------------RCQGGGQGTQVTVSS,13,9
NbPep6,58.6,60.82421227,,,16,unknown,n/a,Camel,n/a,n/a,QVQLQES-GGGSVQAGGSLRLSCEVSG-YSETT-----YRIGWFRLPPGLETREEVAFINFG---GDSTLYANSVKGRFTISQDNTKNT--VYLLMNSLKPEDTAIYYCALSARWYKR----------------AEPDFDYWGQGTQVTVSS,13,11
NbPep7,69.5,64.676733,,,21,unknown,n/a,Camel,n/a,n/a,QVQLQES-GGGSVQAGGSLRLSCAATG-YGITS-----RCMAWFRQAPGKEREGVAVISTG----DGSSYYADSVKSRFTISQNTAKNT--MYLQMNSLKPEDTAMYYCAAHYARRSGGD-----------CWVDPADFDYWGQGTQVTVSS,13,10
NbPep8,65.5,63.96706468,,,16,unknown,n/a,Camel,n/a,n/a,QVQLQES-GGGSVQAGGSLRLSCAVSG-YSDSN-----YRMGWFRHIPGRDRREGIAFINVG---GSSTLYADSVKDRFTISQDNVKDM--VYLDMNSLKPEDTAIYYCALSPRWYKR----------------VEADFDYWGQGTQVTVSS,13,11
NbD6,67.15,61.54444444,,,17,unknown,n/a,Camel,n/a,n/a,QVQLQES-GGGSVQAGGSLRLFCEASG-YTSSH-----YIMGWSRQAPGKECELVARITS-----AGITDYASSVKGRFTISRGDATNG--MALQMNNLKPEDTAVYYCGVVVPTIGI---------------SRWCGYDYWGQGTQVTVSS,13,9
NbPep9,70.8,70.40747927,,,18,unknown,n/a,Camel,n/a,n/a,QVQLQES-GGGSVQAGGSLRLSCAASG-LTFSR-----HTMGWFRLAPGKECEVVSTITN-----DGTTNYADSVKGRFTVSQDNAKNT--VYLQMNSLKPEDTAEYYCAARGSGYERL--------------SRFCGMDYWGKGTQVTVSS,13,9
NbPep10,85.75,86.44039801,,,20,unknown,n/a,Camel,n/a,n/a,QVQLQES-GGGSVQAGGSLRLFCAASG-YTYSP-----YCMGWFRQAPGKEREAIAILGSG----GITTYYAESVKGRFIISPGNAKNT--VSLQMVNLKPEDTAIYYCAAGSTIRGGYC------------DWDAYGYDYWGPGTQVTVSS,13,10
NbPep11,,65.96298507,,,17,unknown,n/a,Camel,n/a,n/a,QVQLQES-GGGSVQAGGSLRLSCADS--RYTH------YCMGWFRQAPGKEREGVARISVL----SGRTYYADSVKGRFTISQDNAKNV--VYLQMNSLKPEDTAIYYCAAGNYWSDL---------------CPEVDFEYWGQGTQVTVSS,11,10
NbPep12,66.5,67.41978441,,,18,unknown,n/a,Camel,n/a,n/a,QVQLQES-GGGSVQAGGSLKLACAAAG-YTTQP-----YCVAWFRQAPGKEREGVAAIWRD----RGGPYYVDSVKGRFTMSQNSAKNT--VYLQMNNLKPEDTAVYSCAATEGVCSSL--------------FYLKTFNYWGQGTQVTVSS,13,10
NbPep13,63.65,68.44217247,,,8,unknown,n/a,Camel,n/a,n/a,QVQLQES-GGGSVQAGGSLKLSCAASG-YIFSS-----CAMSWYRQAPGKERELVSSITS-----YGDAAYTDSAKGRFTISRDNAKNT--LYLHLNNLKPEDTAVYFCAACPR------------------------NKYWGQGTQVTVSS,13,9
NbPep14,,70.58334992,,,21,unknown,n/a,Camel,n/a,n/a,QVQLQES-GGGSVQAGGSLKLSCAATY-YIFSS-----CGMGWYRQAPGKERELVAIINS-----DGTRSIAESVKGRFTISQDANKNT--FELQMNNLRAEDTAVYFCAAPKYVDYASR-----------GRVCDKELMYWGQGTQVTVSS,13,9
NbPep15,,69.46915423,,,21,unknown,n/a,Camel,n/a,n/a,QVQLQES-GGGSVQTGGSLRLSCEASK-YAYYT-----GCMAWFRQSTGKEREGVAYIDTG----AINTYYADSVKGRFTISQDYAKKT--LYLQMNSLKPEDTAIYSCAAGPYRCQANT-----------QGLQSRWYAYWGQGTQVTVSS,13,10
NbPep16,73.2,71.88386401,,,22,unknown,n/a,Camel,n/a,n/a,QVQLQES-GGGSVQAGGSLRLSCTASG-FTFDD-----FDMGWYHQSPGNECELVSAISA-----DGSTYYTNSVKGRFTISRDYAKNT--VYLQMNNLKPEDTAMYYCAADRWALRRTTA----------CTGAYSGYVVWGQGTQVTVSS,13,9
NbPep17,72.55,67.10650083,,,18,unknown,n/a,Camel,n/a,n/a,QVQLQES-GGGSVQAGGSLRLSCAASG-STDTT-----NYIGWFRQVPGKEREGVATISTR---GGVSTYYTDSVKGRFTISRDNAKNT--VYLQMNRLKPEDTAMYYCAASGGRYIDA--------------FSSNYFNYWGQGTQVTVSS,13,11
NbPep18,71.45,77.70497512,,,21,unknown,n/a,Camel,n/a,n/a,QVQLQES-GGGSVQAGGSLRLSCAASG-YPYNN-----YCMGWFRQAPGKEREGVAAINSR----GAIIGYADSVKGRFTISQDNAKNT--MYLQMNSLKPEDTAIYYCAADLVGRWSGS-----------CLFRSSGFGYWGQGTQVTVSS,13,10
NbPep19,70.4,67.58310116,,,16,unknown,n/a,Camel,n/a,n/a,QVQLQES-GGGSVQAGGSLRLSCAVSG-YSYSS-----YSIAWIRQAPGREREGVACINSG----GKLAVYASSVKGRFTISHDNAKNT--AYLQMNSLKPEDTAIYYCVLGESYCSQ----------------ENYTSKWRAQGTQVTVSS,13,10
NbD7,60.05,53.65970149,,,17,unknown,n/a,Camel,n/a,n/a,QVQLQES-GGGSVQAGGSLRLTCLASG-DTTSV-----DYLGWFRQAPGKKREAVAGLYLEHSRSGLREFYEDDVEGRFTIFQHGARKM--VHLQMTNLKPEDSATYYCAAKGESGYW---------------SWRHTIEYWGQGTQVTVSS,13,14
NbD4,58.5,51.76913765,,,12,unknown,n/a,Camel,n/a,n/a,QVQLQES-GGGSVQGGGSLRLSCAASG-DTFSR-----KIMAWFRQAPDKEREGLATIDPD----GTMKSYADSARGRFTISRDNAKSA--VYLQMNSLKPEDTAVYYCATKLTWY--------------------GAYQSWGQGTQVTVSS,13,10
NbD12,62.95,57.1527529,,,14,unknown,n/a,Camel,n/a,n/a,QVQLQES-GGGSVQAGGSLRLSCAASG-ITYSR-----STMGWYRQVPGKERELVSSIRW-----NGSTLYADSVKGRFTISRDNAKNT--AYLQMNSLKPEDTAMFYCKAEVVAGP------------------YAGHDYWGQGTQVTVSS,13,9
NbPep21,67.15,65.66943615,,,21,unknown,n/a,Camel,n/a,n/a,QVQLQES-GGGSVQTGGSLRLSCAASG-YTYST-----YCMGWFRQEAGKEREGVATINRD----SGITDYADSVKGRFTISQDKAKNM--VYLLMNNLQPEDTAVYYCAAQRTYTRGRC-----------IPTVVPRYNDRGQGTQVTVSS,13,10
NbPep22,64.25,65.70373134,,,20,unknown,n/a,Camel,n/a,n/a,QVQLQES-GGGSVQAGGSLRLSCTTSG-LFYSN-----YCMGWFRQAPGKEREGIAAIHSV----NGDTYYADSVKGRFIISQDNAKNT--MYLQLSSLKPEDTAIYYCAAKMRLYWSDC------------RLLAPAIDYRGQGTQVTVSS,13,10
NbPep23,70.05,62.4985738,,,19,unknown,n/a,Camel,n/a,n/a,QVQLQES-GGGSVQAGGSLRLSCAAS--GYTY-------TMGWFRQAPGKEREGVTIIYTG----YDNIVYADSVKGRFTISRDNAKNT--VYLQMNNLKPEDTAMYHCAAATRGLPRS-------------YFDPGWYDSWGQGTQVTVSS,10,10
NbPep24,77.45,76.41215589,,,20,unknown,n/a,Camel,n/a,n/a,QVQLQES-GGGSVQAGGSLRLSCVVSG-YTNNI-----NIMGWFRQAPGKERETVASKPTR----YDNTYYADSVKGRFTISQDNAKNT--MYLQMDNLKPEDTAMYYCAAGYAVLGSGT------------WDRASQYQYWGQGTQVTVSS,13,10
NbPep25,68.85,64.6939801,,,20,unknown,n/a,Camel,n/a,n/a,QVQLQES-GGGSVQTGGSLRLSCGASG-NTHSV-----NLMGWFRQPPGKEREGVAAKYTN----YDNTYYADSVKGRFFISLDNAKNL--LYLEMKNLQPEDTAMYFCAAIDLLYRDFN------------PLSRDGYPYWGQGTQVTVSS,13,10
NbD10,,56.15975124,,,8,unknown,n/a,Camel,n/a,n/a,QVQLQES-GGGSVQSGGSLTLSCAASR-YTYRP-----RTMAWYRQAPGKEREFVSTISS-----NGNTKYRDSVKGRFTISQNNAKNT--VYLQMNSLKPEDTAMYYCYMYNG------------------------DPFWGQGTQVTVSS,13,9
NbPep26,69.15,67.76558872,,,19,unknown,n/a,Camel,n/a,n/a,QVQLQES-GGGSVQAGGSLRLSCVASG-YIYDN-----YCMGWFRQAPGKEREGVAHITGG----GTYTYYSDSVKDRFTISQDNAKNT--VYLQMNSLKPEDTAIYYCAAYLACTIRT-------------MGKEERYNYWGQGTQVTVSS,13,10
NbPep27,85,84.9838806,,,21,unknown,n/a,Camel,n/a,n/a,QVQLQES-GGGLVQAGGSLRLSCAAS--GFTRS-----CCLAWYRQAPGKERELVSTISS-----DGSTYYADSVRGRFTIAKDNAKNT--LYLHMNSLKPEDTAVYYCAAKGVGSTCRG-----------ICQKMTNYNFWGQGTQVTVSS,12,9
NbPep28,61.45,55.029801,,,12,unknown,n/a,Camel,n/a,n/a,QVQLQES-GGGSVQAGGSLRLSCAFSG-FTYST-----FYISWFRQAPGKEREVVASIYRP----SSSTYYTNSAKGRFTISQDNVENT--VYLQMNSLKPEDTAMYYCAARWRSG--------------------KSYDYWGQGTQVTVSS,13,10
NbPep29,57.35,57.99135987,,,18,unknown,n/a,Camel,n/a,n/a,QVQLQES-GGGSVQSGGSLRLSCAAS--GYSS-------CMGWFRQAPGKEREGVALIASR----TGWTYYSDTVKGRFTISQDNAKST--MYLQMNSLKPEDTAIYYCAADRGRGNRC--------------PAIWQYDSRGQGTQVTVSS,10,10
NbPep30,73.1,67.41467662,,,18,unknown,n/a,Camel,n/a,n/a,QVQLQES-GGGSVQFGGSLTLSCVVSG-YPTNI-----FYFTWFRQSPGKEREAVASLSS-----GQAKRYVDSVKDRFTISQGDPKNT--IYLQMNGLKPEDTGIYYCAAGVTRAWEW--------------RKPSTHPYWGQGTQVTVSS,13,9
NbPep31,63.3,58.63257048,,,15,unknown,n/a,Camel,n/a,n/a,QVQLQES-GGGSVQAGGSLRLPCVASG-YIYSP-----TKMGWFRQAPGKERELVSSITR-----DGRPYYSDSVKGRFTISQDNAKNT--VYLQMNSLKPEDTAMYYCFADVRLSA-----------------VGGIKTYWDQGTQVTVSS,13,9
NbPep32,60.1,59.18441128,,,16,unknown,n/a,Camel,n/a,n/a,QVQLQES-GGGSVQAGGSLRLSCAASG-HTFCR-----YDRSWYRQAPGKEREFVSGIDT-----DGSTTYADSVKGRFTISQDNAKNT--LHLQMNSLKPDDTAMYYCKARPVRDRY----------------CLGGYDYWGQGTQVTVSS,13,9
NbPep33,76.35,70.83048093,,,22,unknown,n/a,Camel,n/a,n/a,QVQLQES-GGGSVQAGGSLRLSCATSG-LTYRS-----YCMTWFRQAPGKEREGLLGIKSG----GGSTYYVDSVKGRFTISQDNPKNT--VYLQMNSLKPEDTAIYYCAAIVGWRTYGGS----------CPGTASEYNYWGQGTQVTVSS,13,10
NbD3,65.75,57.01374793,,,17,unknown,n/a,Camel,n/a,n/a,QVQLQES-GGGSVQAGGSLRLSCTAS--EFTT------KYMAWFRQAPGKERELVAVIYTI----TSGANYGDSVKGRFTITRDNENNT--VHLEMNNLKPEDTAMYICAASTYWGAA---------------LRETAYNSWGRGTQVTVSS,11,10
NbD2,62.5,58.66757877,,,14,unknown,n/a,Camel,n/a,n/a,QVQLQES-GGGSVQAGGSLRLSCAVS--ENTG-------RMGWFRQAPGKEREKVAIITRL----GGYTSYAGPVKGRFTISQDNAKNT--VYLLMNSLKPEDTAIYYCAADSRPIY------------------SGTWRYWGQGTQVTVSS,10,10
NbD5,53.6,48.34733002,,,15,unknown,n/a,Camel,n/a,n/a,QVQLQES-GGGSVQAGGSLRLSCAVSG-YTYSS-----YSIGWFRQAPGKEREGVAAINS-----GGSTNYAGSVEGRFTISQDNAKNT--VSLLMNSLKPEDTATYYCAVGAFFTL-----------------RPTLYNYKGQGTQVTVSS,13,9
NbD11,60.75,57.17696517,,,15,unknown,n/a,Camel,n/a,n/a,QVQLQES-GGGSVQAGGSLKLSCDAST-YTYGG-----KCMGWFRQAPGKEREFVAFIES-----DGRTSYADSVKGRFTISQDDAKNT--VYLQMNSLKPEDTSMYYCKTAAGAFC-----------------GTRSYGFWGQGTQVTVSS,13,9
NbPep34,71.05,74.41182421,,,11,unknown,n/a,Camel,n/a,n/a,QVQLQES-GGGSVQTGGSLTLSCLASE-NSFSV-----VRMAWFRKAPGKECELVSSITND----SDVTWYMRSVKGRFTISRDNTKKT--LYLQMNSLQPEDTATYYCMGYPYS---------------------NEVGCRGQGTQVTVSS,13,10
NbPep35,69.45,66.42228856,,,18,unknown,n/a,Camel,n/a,n/a,QVQLQES-GGGQVQAGGSLRLSCAAPE-FSSSRY--LNYYMAWFRQVPGKEREGVANINRL----GSITNYADSVKGRFTISRDNAKST--VYLQMSSLKPEDTGIYYCAASENNVLWD--------------LLPDKYTIWSRGTQVTVSS,16,10
NbPep36,76.6,73.3478607,,,17,unknown,n/a,Camel,n/a,n/a,QVQLQES-GGGSVQAGGSLRLSCAASG-DTYSR-----LCMGWFRQPPGKEREAVAIITTG----RGSSLYADSVKGRFTISQDNAKNT--VYLQMNSLKPEDTAMYYCASGPSCARL---------------WRRAPDTYWGQGTQVTVSS,13,10
NbPep37,74.1,76.62626866,,,20,unknown,n/a,Camel,n/a,n/a,QVQLQES-GGGSVQTGGSLRLSCAASG-YTASN-----ACMGWFRQAPGKEREGVATITT-----GGGTYYADSVKGRFTISRDNAKNT--VYLQMNSLKPNDTAMYYCAATFPYIGGCL------------KVGLDAYRYWGQGTQVTVSS,13,9
NbPep38,77.8,72.0553068,,,24,unknown,n/a,Camel,n/a,n/a,QVQLQES-GGGSVQAGGSLRLSCSAST-IYISTK--YYMALGWFRQAPGKEREGVAVIYIK----NGGTFYTDSVKGRFTISLDIAKNT--VYLQMNSLKPEDTAMYYCAASRPLMWRDVSS--------HERFGPNGYNYWGQGTQVTVSS,16,10
NbPep39,78.85,83.75711443,,,15,unknown,n/a,Camel,n/a,n/a,QVQLQES-GGGSVQAGGSLRLSCAAS--GYTYR-----YSMGWYRQAPGKERELVSSIIS-----DGSTYYADSVKGRFTISQDNAKNT--VYLQMNSLKPEDTAMYYCFTDARRDS-----------------RSLPLRYWGQGTQVTVSS,12,9
NbPep47,,70.12363184,,,11,unknown,n/a,Llama,n/a,n/a,EVQLVES-GGGLVQAGGSLTLSCAASG-RLLGI-----YALGWHRQAPGKERELVANITS-----AHSAHYAESVEGRFTISRDNAKNT--VSLHMNSLKPEDTAVYYCDARNPI---------------------TGRAYWGLGTQVTVSS,13,9
NbPep50,63.55,59.62281924,,,11,unknown,n/a,Llama,n/a,n/a,KVQLVES-GGGLVQAGGSLRLACTASG-SAFSI-----NTMGWYRRAPGKQRELVASITS-----SGSTTYADSVKGRFTISRDSAKNT--VFLQMNSVKPEDTSVYYCNGEIQR---------------------TDYNFWGQGTQVTVSS,13,9
NbPep51,,66.94111111,,,16,unknown,n/a,Llama,n/a,n/a,EVQLVES-GGGLAQPGGSLKLSCAASG-SIFRI-----IDMGWYRQAPGKQRELVASITP-----GGRSDYADSVKGRFTISRDNVKNT--LYLQMNSLKPEDTAVYFCKGSGAITPG----------------RSYAFDYWGQGTQVTVSS,13,9
NbPep52,,57.74885572,,,10,unknown,n/a,Llama,n/a,n/a,EVQLVES-GGGLVQPGGSLRLSCAASQ-NIFNI-----PVMGWYRQAPGKQRELVGTING-----EGRTTYADSVKGRFTISRDNAKST--LYLQMNFLKPEDTALYYCARDLAR----------------------YAFQWGQGTQVTVSS,13,9
NbPep53,,69.47366501,,,16,unknown,n/a,Llama,n/a,n/a,EVQLVES-GGGLVQPGGSLRLSCAASQ-NIFNI-----PVMGWYRQAPGKQRELVGTING-----EGRTTYADSVKGRFTISRDKAKNT--VSLQMDSLKPEDTAVYYCARTQYLRSR----------------MQGQYESWGQGTQVTVSS,13,9
NbPep54,78.7,76.07490879,,,15,unknown,n/a,Llama,n/a,n/a,EVQLVES-GGGLVQAGGSLRLSCTASV-SIFSI-----STMGWYRQAPGKQREWVAAISS-----GGTPSYADSVKGRFTISKDNAKNT--LELQMNSLRPEDTAVYYCNARRTPGT-----------------IFPVFDYWGQGTQVTVSS,13,9
NbPep55,74.8,77.84832504,,,15,unknown,n/a,Llama,n/a,n/a,EVQLVES-GGGLVQSGGSLRLSCAASA-SAADFS---TLTMAWYRQAPGKQRELVALITG-----GGIANYTDSVKGRFTISRDNAKSM--MSLEMRSLRPEDTAVYYCKAQRPKIP-----------------FFAGREYWGQGTQVTVSS,15,9
NbPep56,76.3,76.82616915,,,8,unknown,n/a,Llama,n/a,n/a,EVQLVES-GGGLVQAGGSLRLSCAASG-NRFSI-----NTMGWFRQAPGKQRELVATITN-----SGTTNYADSVKGRFTISRDNAKNT--IYLQMNSLRPEDTAVYYCHAGRF------------------------SAYWGQGTQVTVSS,13,9
NbPep57,67.45,69.88008292,,,9,unknown,n/a,Llama,n/a,n/a,EVQLVES-GGGLVQAGGSLRLSCAASG-IMFRI-----FDMAWYRQGPGNQRELVAATTS-----GDITKYADAVKGRFTISRDNAKNT--VYLEMNSLQPEDTAVYSCNARLG-----------------------LRDFWGQGTQVTVSS,13,9
NbPep60,80,81.32089552,,,17,unknown,n/a,Llama,n/a,n/a,EVQLVES-GGGLVHAGGSLRLSCAATG-SIFGI-----NTMGWYRQAPGKERELVATITS-----GGATNYADPVKGRFTISRDNAKNT--VYLQMNSLRPEDTAVYYCNIRARRTIW---------------DRGHLSDYWGQGTQVTVSS,13,9
NbPep61,,70.80817579,,,10,unknown,n/a,Llama,n/a,n/a,EVQLVES-GGGLVQTGGSLRLSCAASG-SIAGI-----NAMGWYRQAPGKQRELVATITR-----GGSTNYADSAKGRFTISRDNAWNT--VYLQMNSLKPEDTAVYYCKAQRLL----------------------WGDYWGQGTQVTVSS,13,9
NbPep62,75.15,77.44394693,,,15,unknown,n/a,Llama,n/a,n/a,EVQLVES-GGGLVQSGGSLRLSCAASA-SAADFS---TLTMAWYRQAPGKQRELVALITG-----GGIANYTDSVKGRFTISRDNAKST--MSLEMHSLRPEDTAVYYCKAQRPKIP-----------------FFAGREYWGQGTQVTVSS,15,9
NbPep64,75.75,74.7,,,13,unknown,n/a,Llama,n/a,n/a,EVQLVES-GGGMVQPGGSLRLSCAASE-SIFRF-----SIMGWYRQAPGQERELVASIST-----SDMTRYADLVKGRFTISRDNAKNT--VYLQMNSLKPEDTAVYYCNAEAWRF-------------------PSRYTYWGQGTQVTVSS,13,9
NbPep65,74.65,74.6,,,15,unknown,n/a,Llama,n/a,n/a,EVQLVES-GGELVQAGGSLRLSCAASG-LTFSS-----YNMGWFRRAPGKEREFVASITWS----GRDTFYADSVKGRFTISRDNAKNA--VYLQMSSLKPEDTAVYYCAANPWPVA-----------------APRSGTYWGQGTQVTVSS,13,10
NbPep66,66.6,66.7,,,12,unknown,n/a,Llama,n/a,n/a,EVQLVES-GGGLVQAGGSLRLSCAASG-TIFSF-----DAMGWYRQAPGKQRELVATGTG-----GGTTNYAESVKGRFTISRDGAKNT--VYLQMNSLKPEDTAIYYCNARRAWP--------------------RRGDYWGQGTQVTVSS,13,9
NbPep68,,69.5,,,16,unknown,n/a,Llama,n/a,n/a,EVQLVES-GGGLVQPGGSLRLSCTPSG-SGLSI-----NRMGWYRQAPGKQRELVARIYS-----SGTTTYVDSVKGRFTISRDNAKNT--VFLQMTSLKPEDTAVYYCKGKIKLTTW----------------PDRWTDYWGQGTQVTVSS,13,9
NbPep69,,69,,,10,unknown,n/a,Llama,n/a,n/a,EVQLVES-GGGLVQTGGSLRLSCAASG-SIAGI-----NAMGWYRQAPGKQRELVATITR-----GGSTNYADSAKGRFTISRDNAWNT--VYLQMNSLKHEDTAVYYCKAQRLL----------------------WGDYWGQGTQVTVSS,13,9
NbHuL6:FERW,,,3.36,84.2,17,humanization,lysozyme,Camel,n/a,n/a,QVQLVES-GGGSVQAGGSLRLSCSAS--GYTY-------ISGWFRQAPGKEREWVAAIRSS----DGTTYYADSVKGRFTISQDNAKNT--VYLQMNSLKPEDTAMYYCAATEVAGWP---------------LDIGIYDYWGQGTQVTVSS,10,10
NbHuL6:VERG,,,0.6,76.2,17,humanization,lysozyme,Camel,n/a,n/a,QVQLVES-GGGSVQAGGSLRLSCSAS--GYTY-------ISGWVRQAPGKEREGVAAIRSS----DGTTYYADSVKGRFTISQDNAKNT--VYLQMNSLKPEDTAMYYCAATEVAGWP---------------LDIGIYDYWGQGTQVTVSS,10,10
NbHuL6:VERW,,,15.74,79.4,17,humanization,lysozyme,Camel,n/a,n/a,QVQLVES-GGGSVQAGGSLRLSCSAS--GYTY-------ISGWVRQAPGKEREWVAAIRSS----DGTTYYADSVKGRFTISQDNAKNT--VYLQMNSLKPEDTAMYYCAATEVAGWP---------------LDIGIYDYWGQGTQVTVSS,10,10
NbHuL6:FGLG,,,0.41,82.5,17,humanization,lysozyme,Camel,n/a,n/a,QVQLVES-GGGSVQAGGSLRLSCSAS--GYTY-------ISGWFRQAPGKGLEGVAAIRSS----DGTTYYADSVKGRFTISQDNAKNT--VYLQMNSLKPEDTAMYYCAATEVAGWP---------------LDIGIYDYWGQGTQVTVSS,10,10
NbHuL6:VGLG,,,0.48,78.4,17,humanization,lysozyme,Camel,n/a,n/a,QVQLVES-GGGSVQAGGSLRLSCSAS--GYTY-------ISGWVRQAPGKGLEGVAAIRSS----DGTTYYADSVKGRFTISQDNAKNT--VYLQMNSLKPEDTAMYYCAATEVAGWP---------------LDIGIYDYWGQGTQVTVSS,10,10
NbHuL6:VGLW,,77.5,14.61,,17,humanization,lysozyme,Camel,n/a,MEVQLEESGGGLVQPGGSLRLSCAASGFNIKDTYIGWVRQAPGKGEEWVASIYPTSGYTRYADSVKGRFTISADTSKNTAYLQMNSLRAEDTAVYYCAAGSGSSATEVYEEFDYWGQGTLVTVSSDHHHHHHH,QVQLVES-GGGSVQAGGSLRLSCSAS--GYTY-------ISGWVRQAPGKGLEWVAAIRSS----DGTTYYADSVKGRFTISQDNAKNT--VYLQMNSLKPEDTAMYYCAATEVAGWP---------------LDIGIYDYWGQGTQVTVSS,10,10
NbHuL6:FERG_W118R,,,3.41,70,17,humanization + point-mutation,lysozyme,Camel,n/a,n/a,QVQLVES-GGGSVQAGGSLRLSCSAS--GYTY-------ISGWFRQAPGKEREGVAAIRSS----DGTTYYADSVKGRFTISQDNAKNT--VYLQMNSLKPEDTAMYYCAATEVAGWP---------------LDIGIYDYRGQGTQVTVSS,10,10
NbHuL6:VGLW_W118R,,,91.98,79.9,17,humanization + point-mutation,lysozyme,Camel,n/a,n/a,QVQLVES-GGGSVQAGGSLRLSCSAS--GYTY-------ISGWVRQAPGKGLEWVAAIRSS----DGTTYYADSVKGRFTISQDNAKNT--VYLQMNSLKPEDTAMYYCAATEVAGWP---------------LDIGIYDYRGQGTQVTVSS,10,10
NbBcII10:FGLA,,,4.39,79.6,18,humanization,BcII β-lactamases,Camel,n/a,n/a,QVQLVES-GGGSVQAGGSLRLSCTASG-GSEYSY--STFSLGWFRQAPGQGLEAVAAIASM----GGLTYYADSVKGRFTISRDNAKNT--VTLQMNNLKPEDTAIYYCAAVRGYFMRL--------------PSSHNFRYWGQGTQVTVSS,16,10
h-NbBcII10,,,12.06,72,18,humanization,BcII β-lactamases,Camel,n/a,n/a,QVQLVES-GGGLVQPGGSLRLSCAASG-GSEYSY--STFSLGWFRQAPGQEREWVAATASM----GGLTYYADSVKGRFTISRDNSKNT--LYLQMNSLRAEDTAVYYCAAVRGYFMRL--------------PSSHNFRYWGQGTLVTVSS,16,10
h-NbBcII10:FGLA_S-S-S,,,3.47,63.4,17,humanization + point-mutation,lysozyme,Camel,n/a,n/a,QVQLVES-GGGLVQPGGSLRLSCAAS--GYTY-------ISGWFRQAPGQGLEAVAAIRSS----DGTTYYADSVKGRFTISRDNSKNT--LYLQMNSLRAEDTAVYYCAATEVAGWP---------------LDIGIYDYWGQGTLVTVSS,10,10
NbHuL6,,,0.32,79.7,17,immunization,lysozyme,Camel,n/a,n/a,QVQLVES-GGGSVQAGGSLRLSCSAS--GYTY-------ISGWFRQAPGKEREGVAAIRSS----DGTTYYADSVKGRFTISQDNAKNT--VYLQMNSLKPEDTAMYYCAATEVAGWP---------------LDIGIYDYWGQGTQVTVSS,10,10
cAbPSA-C12,,,2.6,61.9,10,immunization,human prostate-specific antigen,Camel,n/a,n/a,DVQLQES-GGGLVRPGGSLRLSCAASG-ELFSG-----TYMTWARQAPGKGLEWLCGINKD----GSGTLYADSVEGRFTCSRDNAKNT--LYLQMNSLKSEDTALYYCSTGALL----------------------PTRPQGQGTQVTVSS,13,10
cAbBCII10_1-0-0,,,4.3,77.8,18,point-mutation,BcII β-lactamases,Camel,n/a,n/a,QVQLVES-GGGSVQAGGSLRLSCTASG-GSEYSY--STFSLGWFRQAPGQEREAVAAIASM----GGLTYYADSVKGRFTISRDNAKNT--VTLQMNNLKPEDTAIYYCAAVRGYFMRL--------------PSSHNFRYWGQGTQVTVSS,16,10
cAbBCII10_0-0-0,,,17,60.2,18,point-mutation,BcII β-lactamases,Camel,n/a,n/a,QVQLVES-GGGSVQAGGSLRLSATASG-GSEYSY--STFSLGWFRQAPGQEREAVAAIASM----GGLTYYADSVKGRFTISRDNAKNT--VTLQMNNLKPEDTAIYYVAAVRGYFMRL--------------PSSHNFRYWGQGTQVTVSS,16,10
cAbBCII10_1-0-1,,,11,87,18,point-mutation,BcII β-lactamases,Camel,n/a,n/a,QVQLVES-GGGSVQAGGSLRLSCTASG-GSEYSY--STFSLGWFRQAPGQEREAVCAIASM----GGLTYYADSVKGRFTCSRDNAKNT--VTLQMNNLKPEDTAIYYCAAVRGYFMRL--------------PSSHNFRYWGQGTQVTVSS,16,10
cAbBCI110_0-0-1,,,14,70,18,point-mutation,BcII β-lactamases,Camel,n/a,n/a,QVQLVES-GGGSVQAGGSLRLSATASG-GSEYSY--STFSLGWFRQAPGQEREAVCAIASM----GGLTYYADSVKGRFTCSRDNAKNT--VTLQMNNLKPEDTAIYYVAAVRGYFMRL--------------PSSHNFRYWGQGTQVTVSS,16,10
cAbBCII10_1-1-0,,,5.5,82,18,point-mutation,BcII β-lactamases,Camel,n/a,n/a,QVQLVES-GGGSVQAGGSLRLSCTASG-GSEYSY--STFSCGWFRQAPGQEREAVAAIASM----GGLTYYADSVKGRFTISRDNAKNT--CTLQMNNLKPEDTAIYYCAAVRGYFMRL--------------PSSHNFRYWGQGTQVTVSS,16,10
cAbBCII10_0-1-0,,,15,65.6,18,point-mutation,BcII β-lactamases,Camel,n/a,n/a,QVQLVES-GGGSVQAGGSLRLSATASG-GSEYSY--STFSCGWFRQAPGQEREAVAAIASM----GGLTYYADSVKGRFTISRDNAKNT--CTLQMNNLKPEDTAIYYVAAVRGYFMRL--------------PSSHNFRYWGQGTQVTVSS,16,10
cAbBCII10_1-1-1,,,16,90,18,point-mutation,BcII β-lactamases,Camel,n/a,n/a,QVQLVES-GGGSVQAGGSLRLSCTASG-GSEYSY--STFSCGWFRQAPGQEREAVCAIASM----GGLTYYADSVKGRFTCSRDNAKNT--CTLQMNNLKPEDTAIYYCAAVRGYFMRL--------------PSSHNFRYWGQGTQVTVSS,16,10
cAbBCII10_0-1-1,,,12,71.4,18,point-mutation,BcII β-lactamases,Camel,n/a,n/a,QVQLVES-GGGSVQAGGSLRLSATASG-GSEYSY--STFSCGWFRQAPGQEREAVCAIASM----GGLTYYADSVKGRFTCSRDNAKNT--CTLQMNNLKPEDTAIYYVAAVRGYFMRL--------------PSSHNFRYWGQGTQVTVSS,16,10
cAbAn33_1-0-0,,,11,71.2,12,point-mutation,variant surface glycoprotein,Camel,n/a,n/a,DVQLVES-GGGSVQAGGSLRLSCAVSG-STYSP-----CTTGWYRQAPGKEREWVSSISS-----PGTIYYQDSVKGRFTISRDNAKNT--VYLQMNSLQREDTGMYYCQIQCGVR--------------------SIREYWGQGTQVTVSS,13,9
cAbAn33_1-0-1,,,15,90,12,point-mutation,variant surface glycoprotein,Camel,n/a,n/a,DVQLVES-GGGSVQAGGSLRLSCAVSG-STYSP-----CTTGWYRQAPGKEREWVCSISS-----PGTIYYQDSVKGRFTCSRDNAKNT--VYLQMNSLQREDTGMYYCQIQCGVR--------------------SIREYWGQGTQVTVSS,13,9
cAbAn33_1-1-0,,,470,89,12,point-mutation,variant surface glycoprotein,Camel,n/a,n/a,DVQLVES-GGGSVQAGGSLRLSCAVSG-STYSP-----CTCGWYRQAPGKEREWVSSISS-----PGTIYYQDSVKGRFTISRDNAKNT--CYLQMNSLQREDTGMYYCQIQCGVR--------------------SIREYWGQGTQVTVSS,13,9
cAbGFP4_1-0-0,,,0.24,69.5,8,point-mutation,green fluorescent protein,Llama,n/a,n/a,QVQLVES-GGALVQPGGSLRLSCAASG-FPVNR-----YSMRWYRQAPGKEREWVAGMSSA----GDRSSYEDSVKGRFTISRDDARNT--VYLQMNSLKPEDTAVYYCNVNVG------------------------FEYWGQGTQVTVSS,13,10
cAbGFP4_0-0-0,,,0.13,60.3,8,point-mutation,green fluorescent protein,Llama,n/a,n/a,QVQLVES-GGALVQPGGSLRLSAAASG-EPVNR-----YSMRWYRQAPGKEREWVAGMSSA----GDRSSYEDSVKGRFTISRDDARNT--VYLQMNSLKPEDTAVYYVNVNVG------------------------FEYWGQGTQVTVSS,13,10
cAbGFP4_1-0-1,,,0.6,75.7,8,point-mutation,green fluorescent protein,Llama,n/a,n/a,QVQLVES-GGALVQPGGSLRLSCAASG-FPVNR-----YSMRWYRQAPGKEREWVCGMSSA----GDRSSYEDSVKGRFTCSRDDARNT--VYLQMNSLKPEDTAVYYCNVNVG------------------------FEYWGQGTQVTVSS,13,10
cAbGFP4_1-1-0,,,0.38,76.2,8,point-mutation,green fluorescent protein,Llama,n/a,n/a,QVQLVES-GGALVQPGGSLRLSCAASG-FPVNR-----YSCRWYRQAPGKEREWVAGMSSA----GDRSSYEDSVKGRFTISRDDARNT--CYLQMNSLKPEDTAVYYCNVNVG------------------------FEYWGQGTNVTVSS,13,10
cAbGFP4_1-1-1,,,1.2,85,8,point-mutation,green fluorescent protein,Llama,n/a,n/a,QVQLVES-GGALVQPGGSLRLSCAASG-EPVNR-----YSCRWYRQAPGKEREWVCGMSSA----GDRSSYEDSVKGRFTCSRDDARNT--CYLQMNSLKPEDTAVYYCNVNVG------------------------FEYWGQGTQVTVSS,13,10
cAbAn33,,,58,71,12,immunization,variant surface glycoprotein,Camel,n/a,n/a,DVQLVES-GGGSVQAGGSLRLSCAVSG-STYSP-----CTTGWYRQAPGKEREWVSSISS-----PGTIYYQDSVKGRFTISRDNAKNT--VYLQMNSLQREDTGMYYCQIQCGVR--------------------SIREYWGQGTQVTVSS,13,9
cAbAn33:SM,,,132,61,12,point-mutation,variant surface glycoprotein,Camel,n/a,n/a,DVQLVES-GGGSVQAGGSLRLSCAVSG-STYSP-----STTGWYRQAPGKEREWVSSISS-----PGTIYYQDSVKGRFTISRDNAKNT--VYLQMNSLQREDTGMYYCQIQMGVR--------------------SIREYWGQGTQVTVSS,13,9
cAbAn33:SF,,,117,60,12,point-mutation,variant surface glycoprotein,Camel,n/a,n/a,DVQLVES-GGGSVQAGGSLRLSCAVSG-STYSP-----STTGWYRQAPGKEREWVSSISS-----PGTIYYQDSVKGRFTISRDNAKNT--VYLQMNSLQREDTGMYYCQIQFGVR--------------------SIREYWGQGTQVTVSS,13,9
cAbAn33:FM,,,391,61,12,point-mutation,variant surface glycoprotein,Camel,n/a,n/a,DVQLVES-GGGSVQAGGSLRLSCAVSG-STYSP-----FTTGWYRQAPGKEREWVSSISS-----PGTIYYQDSVKGRFTISRDNAKNT--VYLQMNSLQREDTGMYYCQIQMGVR--------------------SIREYWGQGTQVTVSS,13,9
cAbAn33:FE,,,370,59,12,point-mutation,variant surface glycoprotein,Camel,n/a,n/a,DVQLVES-GGGSVQAGGSLRLSCAVSG-STYSP-----FTTGWYRQAPGKEREWVSSISS-----PGTIYYQDSVKGRFTISRDNAKNT--VYLQMNSLQREDTGMYYCQIQEGVR--------------------SIREYWGQGTQVTVSS,13,9
cAbAn33:IM,,,1160,62,12,point-mutation,variant surface glycoprotein,Camel,n/a,n/a,DVQLVES-GGGSVQAGGSLRLSCAVSG-STYSP-----ITTGWYRQAPGKEREWVSSISS-----PGTIYYQDSVKGRFTISRDNAKNT--VYLQMNSLQREDTGMYYCQIQMGVR--------------------SIREYWGQGTQVTVSS,13,9
cAbAn33:RE,,,124,57,12,point-mutation,variant surface glycoprotein,Camel,n/a,n/a,DVQLVES-GGGSVQAGGSLRLSCAVSG-STYSP-----RTTGWYRQAPGKEREWVSSISS-----PGTIYYQDSVKGRFTISRDNAKNT--VYLQMNSLQREDTGMYYCQIQEGVR--------------------SIREYWGQGTQVTVSS,13,9
cAbAn33:NM,,,176,60,12,point-mutation,variant surface glycoprotein,Camel,n/a,n/a,DVQLVES-GGGSVQAGGSLRLSCAVSG-STYSP-----NTTGWYRQAPGKEREWVSSISS-----PGTIYYQDSVKGRFTISRDNAKNT--VYLQMNSLQREDTGMYYCQIQMGVR--------------------SIREYWGQGTQVTVSS,13,9
CabPSA-N7,,,,,14,immunization,variant surface glycoprotein,Camel,n/a,n/a,DVQLQES-GGGSVQAGGSLRLSCVASG-WIYIP-----PCMAWFRQAPGKERERVATINP-----SGRTYYADSTKGRFTISQDNVKRT--LYLYMNSLKPEDTATYYCAADDGTCP------------------RMEFDDWGQGTQVTVSS,13,9
cAbPSA-N7:TH,,,6.3,53,14,point-mutation,variant surface glycoprotein,Camel,n/a,n/a,DVQLQES-GGGSVQAGGSLRLSCVASG-WIYIP-----PTMAWFRQAPGKERERVATINP-----SGRTYYADSTKGRFTISQDNVKRT--LYLYMNSLKPEDTATYYCAADDGTHP------------------RMEFDDWGQGTQVTVSS,13,9
cAbPSA-N7:TA,,,8.4,53,14,point-mutation,variant surface glycoprotein,Camel,n/a,n/a,DVQLQES-GGGSVQAGGSLRLSCVASG-WIYIP-----PTMAWFRQAPGKERERVATINP-----SGRTYYADSTKGRFTISQDNVKRT--LYLYMNSLKPEDTATYYCAADDGTAP------------------RMEFDDWGQGTQVTVSS,13,9
cAbPSA-N7:TP,,,3.2,57,14,point-mutation,variant surface glycoprotein,Camel,n/a,n/a,DVQLQES-GGGSVQAGGSLRLSCVASG-WIYIP-----PTMAWFRQAPGKERERVATINP-----SGRTYYADSTKGRFTISQDNVKRT--LYLYMNSLKPEDTATYYCAADDGTPP------------------RMEFDDWGQGTQVTVSS,13,9
cAbPSA-N7:TG,,,6.8,53,14,point-mutation,variant surface glycoprotein,Camel,n/a,n/a,DVQLQES-GGGSVQAGGSLRLSCVASG-WIYIP-----PTMAWFRQAPGKERERVATINP-----SGRTYYADSTKGRFTISQDNVKRT--LYLYMNSLKPEDTATYYCAADDGTGP------------------RMEFDDWGQGTQVTVSS,13,9
cAbPSA-N7:RE,,,22.9,51,14,point-mutation,variant surface glycoprotein,Camel,n/a,n/a,DVQLQES-GGGSVQAGGSLRLSCVASG-WIYIP-----PRMAWFRQAPGKERERVATINP-----SGRTYYADSTKGRFTISQDNVKRT--LYLYMNSLKPEDTATYYCAADDGTEP------------------RMEFDDWGQGTQVTVSS,13,9
cAbPSA-N7:SG,,,11,53,14,point-mutation,variant surface glycoprotein,Camel,n/a,n/a,DVQLQES-GGGSVQAGGSLRLSCVASG-WIYIP-----PSMAWFRQAPGKERERVATINP-----SGRTYYADSTKGRFTISQDNVKRT--LYLYMNSLKPEDTATYYCAADDGTGP------------------RMEFDDWGQGTQVTVSS,13,9
cAbLys3:SP,,,152,59,26,point-mutation,Human Lysozyme,Camel,n/a,n/a,DVQLQAS-GGGSVQAGGSLRLSCAASG-YTIGP-----YSMGWFRQAPGKEREGVAAINMG----GGITYYADSVKGRFTISQDNAKNT--VYLLMNSLEPEDTAIYYCAADSTIYASYYEPG------HGLSTGGYGYDSWGQGTQVTVSS,13,10
BM_GFP2:FG,,,1.2,67,23,point-mutation,green fluorescent protein,Camel,n/a,n/a,DVQLQES-GGGSVQAGGSLRLSCAASP-YFSLR-----SFVAWFRQAPGKEREGVATIFTS----TGSTYYADSVKGRFTISQDNA-NT--VSLQMNSLEPEDAAMYYCAIEGRPMIGGPS---------GSMGSPNSYTYWGQGTQVTVSS,13,10
BM_GFP2:EL,,,1,63,23,point-mutation,green fluorescent protein,Camel,n/a,n/a,DVQLQES-GGGSVQAGGSLRLSCAASP-YFSLR-----SEVAWFRQAPGKEREGVATIFTS----TGSTYYADSVKGRFTISQDNA-NT--VSLQMNSLEPEDAAMYYCAIEGRPMIGGPS---------LSMGSPNSYTYWGQGTQVTVSS,13,10
BM_GFP2:IA,,,1.7,69,23,point-mutation,green fluorescent protein,Camel,n/a,n/a,DVQLQES-GGGSVQAGGSLRLSCAASP-YFSLR-----SIVAWFRQAPGKEREGVATIFTS----TGSTYYADSVKGRFTISQDNA-NT--VSLQMNSLEPEDAAMYYCAIEGRPMIGGPS---------ASMGSPNSYTYWGQGTQVTVSS,13,10
BM_GFP2:VS,,,1.9,70,23,point-mutation,green fluorescent protein,Camel,n/a,n/a,DVQLQES-GGGSVQAGGSLRLSCAASP-YFSLR-----SVVAWFRQAPGKEREGVATIFTS----TGSTYYADSVKGRFTISQDNA-NT--VSLQMNSLEPEDAAMYYCAIEGRPMIGGPS---------SSMGSPNSYTYWGQGTQVTVSS,13,10
BM_GFP3:LP,,,379,71,21,point-mutation,green fluorescent protein,Camel,n/a,n/a,DVQLQES-GGGSVQAGGSLRLSCAASG-FPFSN-----YLMGWFRQAPGKEREGVATISRL----GMFTEYADSVQGRFIISRDNAQNM--VFLQMNNLTPEDTAIYYCAAVSTSSSDPR-----------PRLPSQEYTYWGQGTQVTVSS,13,10
BM_GFP3:VP,,,305,69,21,point-mutation,green fluorescent protein,Camel,n/a,n/a,DVQLQES-GGGSVQAGGSLRLSCAASG-FPFSN-----YVMGWFRQAPGKEREGVATISRL----GMFTEYADSVQGRFIISRDNAQNM--VFLQMNNLTPEDTAIYYCAAVSTSSSDPR-----------PRLPSQEYTYWGQGTQVTVSS,13,10
BM_GFP3:LR,,,527,74,21,point-mutation,green fluorescent protein,Camel,n/a,n/a,DVQLQES-GGGSVQAGGSLRLSCAASG-FPFSN-----YLMGWFRQAPGKEREGVATISRL----GMFTEYADSVQGRFIISRDNAQNM--VFLQMNNLTPEDTAIYYCAAVSTSSSDRR-----------PRLPSQEYTYWGQGTQVTVSS,13,10
BM_GFP3:ER,,,2436,69,21,point-mutation,green fluorescent protein,Camel,n/a,n/a,DVQLQES-GGGSVQAGGSLRLSCAASG-FPFSN-----YEMGWFRQAPGKEREGVATISRL----GMFTEYADSVQGRFIISRDNAQNM--VFLQMNNLTPEDTAIYYCAAVSTSSSDRR-----------PRLPSQEYTYWGQGTQVTVSS,13,10
BM_GFP3:LG,,,139,70,21,point-mutation,green fluorescent protein,Camel,n/a,n/a,DVQLQES-GGGSVQAGGSLRLSCAASG-FPFSN-----YLMGWFRQAPGKEREGVATISRL----GMFTEYADSVQGRFIISRDNAQNM--VFLQMNNLTPEDTAIYYCAAVSTSSSDGR-----------PRLPSQEYTYWGQGTQVTVSS,13,10
BM_GFP3:VG,,,475,72,21,point-mutation,green fluorescent protein,Camel,n/a,n/a,DVQLQES-GGGSVQAGGSLRLSCAASG-FPFSN-----YVMGWFRQAPGKEREGVATISRL----GMFTEYADSVQGRFIISRDNAQNM--VFLQMNNLTPEDTAIYYCAAVSTSSSDGR-----------PRLPSQEYTYWGQGTQVTVSS,13,10
Gr3,,,68,66,18,library,HER2,Human,n/a,n/a,QVQLVES-GGGLIKPGGSLRLSCAASG-FTVSY-----ESMGWVRQAPGKGLEWVSAISSS----GGSTYYADSVKGRFTISRDNSKNT--VYLQMNSLRAEDTAVYYCVTPERQCKQS--------------TCYARPRYWGQGTMVTVSS,13,10
sdAbDA5,,,0.022,66,18,immunization,Botulinum neurotoxin A,Llama,n/a,n/a,EVQLQAS-GGGLVQAGGSLRLSCAASG-RAGDR-----NGIAWFRQPPGKEREFLAAISRG----GTGTYYADSVKGRFTISRDNAENT--VYLQMNSLKPEDTAVYYCAHSRYSFATP--------------RTASDYNYWGRGTQVTVSS,13,10
2A3,,,,74,15,immunization,CEACAM6 (glycosylphosphoinositol (GPI)-linked cell surface PROTEIN),Llama,25,n/a,QVKLEES-GGGLVQAGGSLRLSCRTSG-RTNSV-----YTMGWFRQAPGKEREFVAQIMWG---AGTNTHYADSVKGRFTISRDSAEST--VYLQMNSLKPEDTAVYYCAANRGIPI-----------------AGRQYDYWGQGTQVTVSS,13,11
Abr2,,,0.015,64,16,immunization,Abrin,Llama,n/a,n/a,DVQLQAS-GGGLVQAGGSLVLSCTASG-RSYSS-----LAMGWLRQVPGKERELVGSISLS---GGRTYYADSMKGRFTISKDNAKNTV--YALQMNSLRPEDTAVYYCAARDAARDY----------------APLNFDTWGQGTQVTVSS,13,11
N12,,,4500,67,17,immunization,Abrin,Llama,n/a,n/a,EVQLQAS-GGGMVQGGGSLRLSCAASA-HTFSD-----YAMGWFRQAPGKERSLVAAINRS---GGRTWYTDSVRGRFTISRDNAKNTV--YYLQMDKLKPEDTAVYYCAAKSTHRDY---------------AALNDYNYWGQGTQVTVSS,13,11
N5,,,31000,64,17,immunization,Abrin,Llama,n/a,n/a,EVQLEES-GGGLVQPGGSLRYSCAASG-FAFSG-----YAMGWFRQAPGKEREFVAGISRT---DNYRPYADSVKGRFAISRDNAQNMV--YYLQMNSLKPEDTAVYYCAADRLGVPT---------------PNSADYQYWGQGTQVIVSS,13,11
7C12,65,,,,17,immunization,recombinant EGFR,Llama,,n/a,AVQLVES-GGGSVQAGGSLRLTCAASG-RTSRS-----YGMGWFRQAPGKEREFVSGISWR----GDSTGYADSVKGRFTISRDNAKNT--VDLQMNSLKPEDTAIYYCAAAAGSTWY---------------GTLYEYDYWGQGTQVTVSS,13,10
BclA A5,,,0.059,69,5,immunization,BclA,Llama,n/a,n/a,EVQLQAS-GGGLVQPGGSLRLSCVASG-INFST-----NVPTWYRQAPGKQRELVAVITT-----NGLTRYADSVKGRFTISKDNAKNA--VYLQMNSLKPEDTAVYYCRAR---------------------------DYWGQGTQVTVSS,13,9
BclA B7,,,0.87,69,5,immunization,BclA,Llama,n/a,n/a,EVQLQAS-GRGLVQPGGSLRLSCAASG-TSISD-----RAMTWYRQAPGKQRELVATIRS-----VGTTLYGDSVKGRFTISRDNAKNT--VYLQLNSLMPEDTAVYYCMTG---------------------------GWSGQGTQVTVSS,13,9
BclA H3,,,1.6,58,5,immunization,BclA,Llama,n/a,n/a,EVQLQAS-GGGLVQPGGSLRLSCAASG-TSISD-----RAMTWYRQAPGKQRELVATIRS-----VGTTLYGDSVKGRFTISRDNAKNT--VYLQLNSLMPEDTAVYYCMTG---------------------------GWSGQGTQVTVSS,13,9
gerQ B2,,,7.6,49,9,immunization,gerQ,Llama,n/a,n/a,EVQLQAS-GGGLVQAGGSLRLACALSG-STINI-----NTMAWYRQPPGKQREFVAILLN-----GGTSNYADSVTGRFTISRDNAKNT--VYLQMNSLKVEDTAVYYCHLGGL-----------------------GASYWGQGTQVTVSS,13,9
gerQ G4,,,1.9,46,9,immunization,gerQ,Llama,n/a,n/a,EVQLQAS-GGGLVQAGNSLNLSCAASG-NTFNI-----YFMAWYRQPPGKQRELVASIST-----GGRTNYADSVKGRFTISSDSAHKG--VYLQMNSLKFEDTAVYRCNYATE-----------------------QGAYWGQGTQVTVSS,13,9
SODA1 F3,,,3.1,70,20,immunization,SODA1,Llama,n/a,n/a,EVQLQAS-GGGLVQAGGSLRLSCAASG-RTFSD----YAMGVWFRQAPGKERVFVAAISW-----AFTTRYADSVKDRFTISRDNAQDT--VYLQMNSLKLEDTAVYYCAARNEPFELLT------------PSTRHENLYWGQGTQVTVSS,14,9
SODA1 G4,,,0.3,65,17,immunization,SODA1,Llama,n/a,n/a,EVQLQAY-GGGLVQTGDSLTLSCAVSG-PTWSV----NAMAVWFRQVPGKEPVFVAALSRE----GGYTFYADFVKGRFTISRDNAKNT--MSLQMNGLEPEDAAVYYCAGRTGIQLR---------------ETLSDYQYRGQGTQVTVSS,14,10
SOD15 A6,,,5.1,70,19,immunization,SOD15,Llama,n/a,n/a,EVQLQAS-GGGLVQAGGSLRLSCAASG-RTFST----YIMGWWFRQAPGKEREFVAVKWN-----SGLVAYVDSVKGRFTISRDSAKNT--IYLQMNSLNPEDTAVYYCAAKSQFDDGD-------------YYSPLTYGYWGQGTQVTVSS,14,9
SOD15 D2,,,16,65,20,immunization,SOD15,Llama,n/a,n/a,EVQLQAS-RGGLVQAGGSLRLSCAASG-RTFTS----SVMGWWFRQAPGKEREFVSSLIWS----SGSTVYADSVKGRFTISRDNAKNT--VYLQMNSLKPEDTALYYCVAKTTRYYRRG------------YDVPEEYDKWGQGTQITVSS,14,10
p5303 A3,,,0.36,64,13,immunization,p5303,Llama,n/a,n/a,EVQLQAS-GGGLVQPGGSLRLNCAASG-TDLSI-----YDMAWHRQAPGKQRELVAELPR-----GGSQNYAASVKGRFTISRDNAKNT--VWLQMDSLRPEDTAVYFCNARFSRG-------------------GMFSSYWGQGTQVTVSS,13,9
p5303 B6,,,0.093,72,21,immunization,p5303,Llama,n/a,n/a,EVQLQAS-GGGLVQAGGSLRLSCVASG-VTFEK-----YDMGWFRQAPGKEREFVAAISS-----RSRTRYADSVKGRFTVSRDNAKAT--VYLQMNSLKSEDTAVYHCAGTSSLILWNN-----------DSHRTGSYTYWGQGTQVTVSS,13,9
p5303 F1,,,2.5,62,22,immunization,p5303,Llama,n/a,n/a,EVQLQAS-GGGLVQAGGSLRLSCLASG-RTLNT-----YAMAWFRRTPEKEPEFLTGIAWS----NGVTTHADSVKGRFTISRDSAKNT--VYLQMNNLKPEDTGLYSCAAGWRRAYGGSW----------TRYETGPYDYWGQGTQVTVSS,13,10
Nb02-M0,,43.38,278,,19,library,CD47,Unknown,n/a,n/a,EVQLQAS-GGGLVQAGGSLRLSCAASG-FTNER----SQNMGWFRQAPGKEREGVACISSR----VVECWYADSVKGRFTISRDNAKNT--VYLQMNSLKPEDTAVYYCAAPRAITGTS-------------FVGEHMCDYWGQGTQVTVSS,14,10
VHH_WT,52.35,,68.97,,17,unknown,mCherry receptor,Unknown,n/a,n/a,QVQLVES-GGSLVQPGGSLRLSCAASG-RFAES-----SSMGWFRQAPGKEREFVAAISWS----GGATNYADSAKGRFTLSRDNTKNT--VYLQMNSLKPDDTAVYYCAANLGNYIS---------------SNQRLYGYWGQGTQVTVSS,13,10
VHH:C24A:C98A,47.25,,169.92,,17,point-mutation,mCherry receptor,Unknown,n/a,n/a,QVQLVES-GGSLVQPGGSLRLSAAASG-RFAES-----SSMGWFRQAPGKEREFVAAISWS----GGATNYADSAKGRFTLSRDNTKNT--VYLQMNSLKPDDTAVYYCAANLGNYIS---------------SNQRLYGYWGQGTQVTVSS,13,10
VHH:C24A,46.8,,86.96,,17,point-mutation,mCherry receptor,Unknown,n/a,n/a,QVQLVES-GGSLVQPGGSLRLSCAASG-RFAES-----SSMGWFRQAPGKEREFVAAISWS----GGATNYADSAKGRFTLSRDNTKNT--VYLQMNSLKPDDTAVYYAAANLGNYIS---------------SNQRLYGYWGQGTQVTVSS,13,10
VHH:C98A,47.02,,121.8,,17,point-mutation,mCherry receptor,Unknown,n/a,n/a,QVQLVES-GGSLVQPGGSLRLSAAASG-RFAES-----SSMGWFRQAPGKEREFVAAISWS----GGATNYADSAKGRFTLSRDNTKNT--VYLQMNSLKPDDTAVYYAAANLGNYIS---------------SNQRLYGYWGQGTQVTVSS,13,10
WD11f,,51,8.5,,18,immunization,E2/E3E2 (Western equine encephalitis virus),Llama,48,n/a,EVQLQAS-GGGLVQSGGSLRLSCAGSG-GTESS-----YRMAWFRQAPGTERVFVARVSDG----GGSILYADSAKGRFTISRDNGKNT--IHLQMFSLKPEDTAVYFCAAAFSWMPPS--------------TVAADYEYWGQGTQVTVSS,13,10
WE11f,,50,7.2,,20,immunization,E2/E3E2 (Western equine encephalitis virus),Llama,18,n/a,DVQLQAS-GGGLVQPGGSLGLSCAASG-RTFSR-----YAMAWFRQAPGKEREFVAAISRS---GHATRYADSAAESRFTISRDNAKNT--VYLQMNSLKPEDTAVYYCAAPASERTVLP------------GTERDEYDYWGQGTQVTVSS,13,11
EBOV-GP-C12,,62,,,15,immunization,n/a,Llama,n/a,n/a,EVQLQAS-GGGSVPPGGSLRLSCTASL-RAFST-----YTMGWFRQAPGKEREFVAASNW------RGTDFHDSVRGRFIISRDNT-EK--TVLQMNSLKPEDTAIYYCAADGSTWL-----------------KRSDYSYWGQGTQVTVSS,13,8
EBOV-GP-G11,,46,,,15,immunization,n/a,Llama,n/a,n/a,EVQLQAS-GGGLVQAGGSLRLSCTASL-RAFST-----YTMGWFRQAPGKEREFVAASNW------RGTDFHDSVKGRFIISRDNTKKT--VDLQMNSLKPEDTAIYYCAADGSTWL-----------------KRSDYSYWGQGTQVTVSS,13,8
EBOV-GP-B11,,62,,,10,immunization,n/a,Llama,n/a,n/a,EVQLQAS-GGGLVEPGGSLRLSCAVSG-INFNI-----NHWGWYRQAPGKQREWVATIAI-----GGATDYADSLKGRFTISRDNMKNT--VYLQMNSLRPEDTAVYYCNGVGSK----------------------WSVRWGQGTQVTVSS,13,9
E1,,,,59,19,immunization,Lassa virus nucleoprotein,Llama,n/a,n/a,DVQLQAS-GGGLVQTGGSLRLSCENS--GRAL------RIMGWFRQAPGKEREFVATINRN----GESTYYSDSVKGRFTISRDNNKNT--VYLQMNNLKPEDTGVYNCAADRPGPTQI-------------KTRADDYDYWGEGTQVTVSS,11,10
H1W,,70,0.58,71,17,immunization,Ricin,Llama,n/a,n/a,DVQLQAS-GGGLAQAGGSLRLSCAYSG-QTVND-----YAMAWFRQAPGKGREFVAAIRAR----GGGTEYLDSVKGRFTISRDNGENT--AYLQMDNLQPDDTALYFCALAMGGYAY---------------RAFERYSVWGQGTQVTVSS,13,10
F6m+,,,1.7,85,17,point-mutation,ricin,Llama,4.4,n/a,QVQLVES-GGGLVQAGGSLRLSCATSG-GTFSD-----YGMGWFRQAPGKEREFVCAIRRNGN-GGNGIEYADSVKGRFTCSRDNAKNT--VHLQMNSLTPEDTAVYYCAASISGYAY---------------NTIERYNYWGQGTQVTVSS,13,13
Nb2,,49.6,15.2,,21,immunization,sfGFP,Camel,n/a,GSQVQLQESGGGSVQAGGSLRLSCAASGPTYSSYFMAWFRQAPGMEREGVAASSYDGSTTLYADSVKGRFTISQGNAKNTKFLLLNNLEPEDTAIYYCALRRRGWSNTSGWKQPGWYDYWGQGTQVTVSS,QVQLQES-GGGSVQAGGSLRLSCAASG-PTYSS-----YFMAWFRQAPGMEREGVAASSYD----GSTTLYADSVKGRFTISQGNAKNT--KFLLLNNLEPEDTAIYYCALRRRGWSNTS-----------GWKQPGWYDYWGQGTQVTVSS,13,10
Nb3,,65,4.71,,23,immunization,Bt Cry1B toxin,Camel,n/a,n/a,QVQLQES-GGGSVQAGGSLRLSCAASK-VTASR-----YCMGWFRQAPGKEREGVARVWPG----GGRTYYAESVKGRFTISQDNAKNT--VYLQMNSLKPEDTAMYYCAATPAEYYSGGY---------YCGGAPREYDYWGQGTQVTVSS,13,10
VHH212,50.75,,,,22,unknown,HIF-1α,Unknown,n/a,n/a,MVQLQES-GGGSVQAGGSLRLSCVASG-DTASM-----YCMGWFRQAPGKEREEVATIDS-----DGSVSIADSLKGRFTISKDSANNA--LYLHMNSLRPEDTANYYCAAGRPPCGSIFK----------PGYYYYGMDYWGKGTLVTVSS,13,9
E1,,,,59,19,immunization,Lassa virus nucleoprotein,Llama,n/a,n/a,DVQLQAS-GGGLVQTGGSLRLSCENS--GRAL------RIMGWFRQAPGKEREFVATINRN----GESTYYSDSVKGRFTISRDNNKNT--VYLQMNNLKPEDTGVYNCAADRPGPTQI-------------KTRADDYDYWGEGTQVTVSS,11,10
G11,,,184,60,20,immunization,Lassa virus nucleoprotein,Llama,n/a,n/a,DVQLQAS-GGGLVQAGDSLTLSCAASG-RTVSP-----YGVGWFRQAPGREREFVAALSRS----GTFTAYADSVKGRFTISRDNAKNT--VYLQMNSLKPDDTAVYHCAARSASSYYST------------YRKEDDYHYWGQGTQVTVSS,13,10
E10,,,69,48,19,immunization,Lassa virus nucleoprotein,Llama,n/a,n/a,DVQLQAS-GGGLVQAGASLRLSCAAS--GFTY-------TMGWFRQAPGQEREFVAAIARS----GGTTYYTDSVKGRFTISRDNAKKT--VFLQLNSLKPEDTAVYYCAADALPYSAQ-------------SMSTRNPGYWGQGTQVTVSS,10,10
E11,,,57,64,28,immunization,Lassa virus nucleoprotein,Llama,n/a,n/a,EVQLQAS-GGGLAQPGGSLRLSCAASG-FTLVY-----YGIGWFRQAPGKEREGVSCISSN----DGTTYYADSVKGRFTISRDNAKNT--VYLQMNSLKPEDTAVYYCATELGNTHRGSYFPK----QRVERCHTGDFASWGQGTQVTVSS,13,10
B5,,,19,63,28,immunization,Lassa virus nucleoprotein,Llama,n/a,n/a,EVQLQAS-GGGLAQPGGSLRLSCAASG-FTLVY-----YGIGWFRQAPGKEREGVSCISSN----DGSTYYADSVKGRFTISRDAAKNT--VYLQMNSLKPEDTAVYYCATELGNTHRGSFFPN----RRVERCRTDDFASWGQGTQVTVSS,13,10
H6,,,9.3,64,28,immunization,Lassa virus nucleoprotein,Llama,n/a,n/a,DVQLQAS-GGGVVQPGGSLRLSCVASG-FTLVY-----YGIGWFRQAPGKEREGVSCISSN----DGSTYYADSVKGRFTISRDAAKNT--VYLQMNSLKPEDTAVYYCATELGNTHRGSFFPN----RRVKRCRTDDFASWGQGTQVTVSS,13,10
F3,,,7.5,65,28,immunization,Lassa virus nucleoprotein,Llama,n/a,n/a,DVQLQAS-GGGLVQPGGSLRLSCAASG-FTLVY-----YGIGWFRQAPGKEREGVSCISSY----DGTTYYADSVKGRFTISRDNAKNT--VYLQMNSLKPEDTAVYYCATELGNTHRGSYFPK----QRVERCHTGDFASWGQGTQVTVSS,13,10
C7,,,7.5,66,28,immunization,Lassa virus nucleoprotein,Llama,n/a,n/a,EVQLQAS-GGGLVQPGGSLRLSCVASG-FTLVY-----YGIGWFRQAPGKEREGVSCISSN----DGSTYYADSVKGRFTISRDAAKNT--MYLQMNSLKPEDTAVYYCATELGNTHRGSFFPN----RRVERCRTDDFASWGQGTQVTVSS,13,10
A26.8:T103R,,79.1,5.3,,17,point-mutation,Clostridium difficile toxin A (TcdA),Camel,n/a,n/a,QVKLEES-GGGLVQAGGSLRLSCAASE-RTFSR-----YPVAWFRQAPGAEREFVAVISST----GTSTYYADSVKGRFTISRDNAKVT--VYLQMNNLKREDTAVYFCAVNSQRRRL---------------QDPNEYDYWGQGTQVTVSS,13,10
A26.8:T56R,,77.2,6.2,,17,point-mutation,Clostridium difficile toxin A (TcdA),Camel,n/a,n/a,QVKLEES-GGGLVQAGGSLRLSCAASE-RTFSR-----YPVAWFRQAPGAEREFVAVISST----GRSTYYADSVKGRFTISRDNAKVT--VYLQMNNLKREDTAVYFCAVNSQRTRL---------------QDPNEYDYWGQGTQVTVSS,13,10
A26.8:Q101K,,81.4,7.6,,17,point-mutation,Clostridium difficile toxin A (TcdA),Camel,n/a,n/a,QVKLEES-GGGLVQAGGSLRLSCAASE-RTFSR-----YPVAWFRQAPGAEREFVAVISST----GTSTYYADSVKGRFTISRDNAKVT--VYLQMNNLKREDTAVYFCAVNSKRTRL---------------QDPNEYDYWGQGTQVTVSS,13,10
A26.8:T103K,,78.5,8.3,,17,point-mutation,Clostridium difficile toxin A (TcdA),Camel,n/a,n/a,QVKLEES-GGGLVQAGGSLRLSCAASE-RTFSR-----YPVAWFRQAPGAEREFVAVISST----GTSTYYADSVKGRFTISRDNAKVT--VYLQMNNLKREDTAVYFCAVNSQRKRL---------------QDPNEYDYWGQGTQVTVSS,13,10
A26.8:T54R,,75.5,13.2,,17,point-mutation,Clostridium difficile toxin A (TcdA),Camel,n/a,n/a,QVKLEES-GGGLVQAGGSLRLSCAASE-RTFSR-----YPVAWFRQAPGAEREFVAVISSR----GTSTYYADSVKGRFTISRDNAKVT--VYLQMNNLKREDTAVYFCAVNSQRTRL---------------QDPNEYDYWGQGTQVTVSS,13,10
A26.8:T58K,,76.9,13.5,,17,point-mutation,Clostridium difficile toxin A (TcdA),Camel,n/a,n/a,QVKLEES-GGGLVQAGGSLRLSCAASE-RTFSR-----YPVAWFRQAPGAEREFVAVISST----GTSKYYADSVKGRFTISRDNAKVT--VYLQMNNLKREDTAVYFCAVNSQRTRL---------------QDPNEYDYWGQGTQVTVSS,13,10
A26.8:T56I,,76.5,13.6,,17,point-mutation,Clostridium difficile toxin A (TcdA),Camel,n/a,n/a,QVKLEES-GGGLVQAGGSLRLSCAASE-RTFSR-----YPVAWFRQAPGAEREFVAVISST----GISTYYADSVKGRFTISRDNAKVT--VYLQMNNLKREDTAVYFCAVNSQRTRL---------------QDPNEYDYWGQGTQVTVSS,13,10
A26.8:T103M,,77.4,13.7,,17,point-mutation,Clostridium difficile toxin A (TcdA),Camel,n/a,n/a,QVKLEES-GGGLVQAGGSLRLSCAASE-RTFSR-----YPVAWFRQAPGAEREFVAVISST----GTSTYYADSVKGRFTISRDNAKVT--VYLQMNNLKREDTAVYFCAVNSQRMRL---------------QDPNEYDYWGQGTQVTVSS,13,10
A26.8:N109R,,77.6,13.9,,17,point-mutation,Clostridium difficile toxin A (TcdA),Camel,n/a,n/a,QVKLEES-GGGLVQAGGSLRLSCAASE-RTFSR-----YPVAWFRQAPGAEREFVAVISST----GTSTYYADSVKGRFTISRDNAKVT--VYLQMNNLKREDTAVYFCAVNSQRTRL---------------QDPREYDYWGQGTQVTVSS,13,10
A26.8:T103W,,77.5,16.3,,17,point-mutation,Clostridium difficile toxin A (TcdA),Camel,n/a,n/a,QVKLEES-GGGLVQAGGSLRLSCAASE-RTFSR-----YPVAWFRQAPGAEREFVAVISST----GTSTYYADSVKGRFTISRDNAKVT--VYLQMNNLKREDTAVYFCAVNSQRWRL---------------QDPNEYDYWGQGTQVTVSS,13,10
A26.8:D107R,,70.8,19,,17,point-mutation,Clostridium difficile toxin A (TcdA),Camel,n/a,n/a,QVKLEES-GGGLVQAGGSLRLSCAASE-RTFSR-----YPVAWFRQAPGAEREFVAVISST----GTSTYYADSVKGRFTISRDNAKVT--VYLQMNNLKREDTAVYFCAVNSQRTRL---------------QRPNEYDYWGQGTQVTVSS,13,10
A26.8:D107N,,74.9,21.3,,17,point-mutation,Clostridium difficile toxin A (TcdA),Camel,n/a,n/a,QVKLEES-GGGLVQAGGSLRLSCAASE-RTFSR-----YPVAWFRQAPGAEREFVAVISST----GTSTYYADSVKGRFTISRDNAKVT--VYLQMNNLKREDTAVYFCAVNSQRTRL---------------QNPNEYDYWGQGTQVTVSS,13,10
A26.8:E110Q,,78.1,33.6,,17,point-mutation,Clostridium difficile toxin A (TcdA),Camel,n/a,n/a,QVKLEES-GGGLVQAGGSLRLSCAASE-RTFSR-----YPVAWFRQAPGAEREFVAVISST----GTSTYYADSVKGRFTISRDNAKVT--VYLQMNNLKREDTAVYFCAVNSQRTRL---------------QDPNQYDYWGQGTQVTVSS,13,10
A26.8:T54W,,74,35,,17,point-mutation,Clostridium difficile toxin A (TcdA),Camel,n/a,n/a,QVKLEES-GGGLVQAGGSLRLSCAASE-RTFSR-----YPVAWFRQAPGAEREFVAVISSW----GTSTYYADSVKGRFTISRDNAKVT--VYLQMNNLKREDTAVYFCAVNSQRTRL---------------QDPNEYDYWGQGTQVTVSS,13,10
A26.8:T54Y,,76,38.9,,17,point-mutation,Clostridium difficile toxin A (TcdA),Camel,n/a,n/a,QVKLEES-GGGLVQAGGSLRLSCAASE-RTFSR-----YPVAWFRQAPGAEREFVAVISSY----GTSTYYADSVKGRFTISRDNAKVT--VYLQMNNLKREDTAVYFCAVNSQRTRL---------------QDPNEYDYWGQGTQVTVSS,13,10
A26.8:D107Y,,73.4,44,,17,point-mutation,Clostridium difficile toxin A (TcdA),Camel,n/a,n/a,QVKLEES-GGGLVQAGGSLRLSCAASE-RTFSR-----YPVAWFRQAPGAEREFVAVISST----GTSTYYADSVKGRFTISRDNAKVT--VYLQMNNLKREDTAVYFCAVNSQRTRL---------------QYPNEYDYWGQGTQVTVSS,13,10
A26.8:R104W,,77.3,165,,17,point-mutation,Clostridium difficile toxin A (TcdA),Camel,n/a,n/a,QVKLEES-GGGLVQAGGSLRLSCAASE-RTFSR-----YPVAWFRQAPGAEREFVAVISST----GTSTYYADSVKGRFTISRDNAKVT--VYLQMNNLKREDTAVYFCAVNSQRTWL---------------QDPNEYDYWGQGTQVTVSS,13,10
A26.8:S53R,,74,224,,17,point-mutation,Clostridium difficile toxin A (TcdA),Camel,n/a,n/a,QVKLEES-GGGLVQAGGSLRLSCAASE-RTFSR-----YPVAWFRQAPGAEREFVAVISRT----GTSTYYADSVKGRFTISRDNAKVT--VYLQMNNLKREDTAVYFCAVNSQRTRL---------------QDPNEYDYWGQGTQVTVSS,13,10
A26.8:Q106L,,80,612,,17,point-mutation,Clostridium difficile toxin A (TcdA),Camel,n/a,n/a,QVKLEES-GGGLVQAGGSLRLSCAASE-RTFSR-----YPVAWFRQAPGAEREFVAVISST----GTSTYYADSVKGRFTISRDNAKVT--VYLQMNNLKREDTAVYFCAVNSQRTRL---------------LDPNEYDYWGQGTQVTVSS,13,10
A26.8:Q106W,,79.7,1475,,17,point-mutation,Clostridium difficile toxin A (TcdA),Camel,n/a,n/a,QVKLEES-GGGLVQAGGSLRLSCAASE-RTFSR-----YPVAWFRQAPGAEREFVAVISST----GTSTYYADSVKGRFTISRDNAKVT--VYLQMNNLKREDTAVYFCAVNSQRTRL---------------WDPNEYDYWGQGTQVTVSS,13,10
A26.8:Q106Y,,79,2315,,17,point-mutation,Clostridium difficile toxin A (TcdA),Camel,n/a,n/a,QVKLEES-GGGLVQAGGSLRLSCAASE-RTFSR-----YPVAWFRQAPGAEREFVAVISST----GTSTYYADSVKGRFTISRDNAKVT--VYLQMNNLKREDTAVYFCAVNSQRTRL---------------YDPNEYDYWGQGTQVTVSS,13,10
A26.8:Q106F,,81,5130,,17,point-mutation,Clostridium difficile toxin A (TcdA),Camel,n/a,n/a,QVKLEES-GGGLVQAGGSLRLSCAASE-RTFSR-----YPVAWFRQAPGAEREFVAVISST----GTSTYYADSVKGRFTISRDNAKVT--VYLQMNNLKREDTAVYFCAVNSQRTRL---------------FDPNEYDYWGQGTQVTVSS,13,10
A26.8:T56R_Q101K_T103R,,81.6,2,,17,point-mutation,Clostridium difficile toxin A (TcdA),Camel,n/a,n/a,QVKLEES-GGGLVQAGGSLRLSCAASE-RTFSR-----YPVAWFRQAPGAEREFVAVISST----GRSTYYADSVKGRFTISRDNAKVT--VYLQMNNLKREDTAVYFCAVNSKRRRL---------------QDPNEYDYWGQGTQVTVSS,13,10
A26.8:T56R_T103R,,78.5,2.3,,17,point-mutation,Clostridium difficile toxin A (TcdA),Camel,n/a,n/a,QVKLEES-GGGLVQAGGSLRLSCAASE-RTFSR-----YPVAWFRQAPGAEREFVAVISST----GRSTYYADSVKGRFTISRDNAKVT--VYLQMNNLKREDTAVYFCAVNSQRRRL---------------QDPNEYDYWGQGTQVTVSS,13,10
A26.8:T56R_Q101K_T103M,,80.9,2.9,,17,point-mutation,Clostridium difficile toxin A (TcdA),Camel,n/a,n/a,QVKLEES-GGGLVQAGGSLRLSCAASE-RTFSR-----YPVAWFRQAPGAEREFVAVISST----GRSTYYADSVKGRFTISRDNAKVT--VYLQMNNLKREDTAVYFCAVNSKRMRL---------------QDPNEYDYWGQGTQVTVSS,13,10
A26.8:T56R_Q101K_T103K,,81.3,3.2,,17,point-mutation,Clostridium difficile toxin A (TcdA),Camel,n/a,n/a,QVKLEES-GGGLVQAGGSLRLSCAASE-RTFSR-----YPVAWFRQAPGAEREFVAVISST----GRSTYYADSVKGRFTISRDNAKVT--VYLQMNNLKREDTAVYFCAVNSKRKRL---------------QDPNEYDYWGQGTQVTVSS,13,10
A26.8:T56R_T103K,,78.5,3.4,,17,point-mutation,Clostridium difficile toxin A (TcdA),Camel,n/a,n/a,QVKLEES-GGGLVQAGGSLRLSCAASE-RTFSR-----YPVAWFRQAPGAEREFVAVISST----GRSTYYADSVKGRFTISRDNAKVT--VYLQMNNLKREDTAVYFCAVNSQRKRL---------------QDPNEYDYWGQGTQVTVSS,13,10
A26.8:T56R_Q101K,,81.4,4.1,,17,point-mutation,Clostridium difficile toxin A (TcdA),Camel,n/a,n/a,QVKLEES-GGGLVQAGGSLRLSCAASE-RTFSR-----YPVAWFRQAPGAEREFVAVISST----GRSTYYADSVKGRFTISRDNAKVT--VYLQMNNLKREDTAVYFCAVNSKRTRL---------------QDPNEYDYWGQGTQVTVSS,13,10
A26.8:Q101K_T103R,,81.9,4.2,,17,point-mutation,Clostridium difficile toxin A (TcdA),Camel,n/a,n/a,QVKLEES-GGGLVQAGGSLRLSCAASE-RTFSR-----YPVAWFRQAPGAEREFVAVISST----GTSTYYADSVKGRFTISRDNAKVT--VYLQMNNLKREDTAVYFCAVNSKRRRL---------------QDPNEYDYWGQGTQVTVSS,13,10
A26.8:T56R_T103M,,77,4.8,,17,point-mutation,Clostridium difficile toxin A (TcdA),Camel,n/a,n/a,QVKLEES-GGGLVQAGGSLRLSCAASE-RTFSR-----YPVAWFRQAPGAEREFVAVISST----GRSTYYADSVKGRFTISRDNAKVT--VYLQMNNLKREDTAVYFCAVNSQRMRL---------------QDPNEYDYWGQGTQVTVSS,13,10
A26.8:Q101K_T103M,,81.3,8,,17,point-mutation,Clostridium difficile toxin A (TcdA),Camel,n/a,n/a,QVKLEES-GGGLVQAGGSLRLSCAASE-RTFSR-----YPVAWFRQAPGAEREFVAVISST----GTSTYYADSVKGRFTISRDNAKVT--VYLQMNNLKREDTAVYFCAVNSKRMRL---------------QDPNEYDYWGQGTQVTVSS,13,10
A26.8:Q101K_T103K,,81.5,8.2,,17,point-mutation,Clostridium difficile toxin A (TcdA),Camel,n/a,n/a,QVKLEES-GGGLVQAGGSLRLSCAASE-RTFSR-----YPVAWFRQAPGAEREFVAVISST----GTSTYYADSVKGRFTISRDNAKVT--VYLQMNNLKREDTAVYFCAVNSKRKRL---------------QDPNEYDYWGQGTQVTVSS,13,10
concave,,74,,,8,point-mutation,n/a,Camel,n/a,n/a,QVQLVES-GGALVQPGGSLRLSCAASG-FPVSS-----STMTWYRQAPGKEREWVAAISSS----GSTTTYEDSVKGRFTISRDDARNT--VYLQMNSLKPEDTAVYYCTVTVG------------------------STYTGQGTQVTVSS,13,10
loop,,75,,,14,point-mutation,n/a,Camel,n/a,n/a,QVQLVES-GGALVQPGGSLRLSCAASG-FPVSS-----STMTWYRQAPGKEREWVAAISSS----GSTTTYEDSVKGRFTISRDDARNT--VYLQMNSLKPEDTAVYYCNVKDSGSS------------------SSSYDYWGQGTQVTVSS,13,10
convex,,95,,,18,point-mutation,n/a,Camel,n/a,n/a,QVQLVES-GGGSVQAGGSLRLSCAASG-SISSI-----TYLGWFRQAPGKEREGVAALSTS----SGTTYYADSVKGRFTVSLDNAENT--VYLQMNSLKPEDTALYYCAAASSGSSSP--------------LSSSSYTYWGQGTQVTVSS,13,10
NbCEA5,,,0.34,70,16,immunization,CEA,Camel,n/a,n/a,QVQLVES-GGGSVQAGGSLRLSCAASG-DTYGS-----YWMGWFRQAPGKEREGVAAINRG----GGYTVYADSVKGRFTISRDTAKNT--VYLQMNSLRPDDTADYYCAASGVLGGL----------------HEDWFNYWGQGTQVTVSS,13,10
NbCEA5_hs,,,0,74,16,humanization,CEA,Camel,n/a,n/a,QVQLVES-GGGLVQPGGSLRLSCAASG-DTYGS-----YWMGWFRQAPGQGLEAVAAINRG----GGYTVYADSVKGRFTISRDNSKNT--LYLQMNSLRAEDTAVYYCAASGVLGGL----------------HEDWFNYWGQGTLVTVSS,13,10
NbCEA5_hg,,,,73.7,18,,CEA,Camel,n/a,n/a,QVQLVES-GGGLVQPGGSLRLSCAASG-GSEYSY--STFSLGWFRQAPGQGLEAVAAIASM----GGLTYYADSVKGRFTISRDNSKNT--LYLQMNSLRAEDTAVYYCAAVRGYFMRL--------------PSSHNFRYWGQGTLVTVSS,16,10
ICab3:V115C,70.5,,4060,,21,point-mutation,NorC,Camel,n/a,n/a,EVQLGES-GGGSVQAGGSLRLSCAASG-YMYSTY--STYCMGWFRQAPGKEREGVAFIKRG----DHSTYYTDSVKGRFTISQDSAKNT--VSLQMNNLKPEDTAIYYCAADFAHSFLLS-----------CHSGAGQYSYWGQGTQVTVSS,16,10
ICab3:H116C,63.9,,,,21,point-mutation,NorC,Camel,n/a,n/a,EVQLGES-GGGSVQAGGSLRLSCAASG-YMYSTY--STYCMGWFRQAPGKEREGVAFIKRG----DHSTYYTDSVKGRFTISQDSAKNT--VSLQMNNLKPEDTAIYYCAADFAHSFLLS-----------VCSGAGQYSYWGQGTQVTVSS,16,10
Nb1174,,70.95,,,20,unknown,n/a,Camel,,n/a,QVQLQES-GGGSVQAGGSLRLSCAVSG-YTYSR-----NCIGWFRQAPGKEREGVAALYTG----GGSTYYAASVKGRFTISQDTK-NT--VYLQMNSLKPEDSAMYYCAANPFGLYTCG------------DLRGPDFGYWGQGTQVTVSS,13,10
Nb1175,,73.8,,,20,unknown,n/a,Camel,,n/a,QVQLQES-GGGSVQAGGSLRLSCVASG-YTYSN-----LVMAWFRQAPGKEREGVAAITAY----GSMTYYADSVKGRFTIARDAK-NT--VYLQMNSLKSEDTAIYYCAARDYWSSSGS------------WYNGGTYNIWGQGTQVTVSS,13,10
Nb1176,,71.94,,,18,unknown,n/a,Camel,,n/a,QVQLQES-GGGSVQAGGSLRLSCVVSG-YTYSA-----YYLAWFRQAPGKEREGVACIHSG----SGSTYYADSAKGRFTISQDAK-NT--VYLQMNSLKREDTAIYYCAADYRFSYAS--------------ACRHEYKYWGQGTQVTVSS,13,10
M112D,,49,26,,13,immunization,Hoc-CD20,Llama,6.5,n/a,DVQLQAS-GGGLVQAEGSLRLSCAASG-STFGI-----KHHGWYRRAPGNQREWVAGISS-----ENITNVAEAVKGRFTISRDNAKNT--VYLQMNSLKVEDTAVYYCYAQDNNY-------------------RFLHRFWGQGTQVTVSL,13,9
M110B,,64,,,9,immunization,Hoc-CD20,Llama,6.5,n/a,EVQLQAS-GGGLVQPGGSLRLSCVASG-GIFRI-----STLEWYRQAPGKQREVVAQITA-----GGSTHHADSVKGRFTISRDDAKDT--VYLQMNSLKPEDTAVYVCSAYGN-----------------------LRRYWGQGTQVTVSS,13,9
M110C,,62,14,,9,immunization,Hoc-CD20,Llama,6.5,n/a,DVQLQAS-GGGLVQPGGSLRLSCVTSE-SIFRL-----STLEWYRQAPGNQRKVVAQITS-----GGSTHHADSVKGRFTISRDDAKNT--VYLQMNNLKPEDTAVYVCSAYVN-----------------------LTRYWGQGTQVTVSS,13,9
Nb5,,60.7,1.5,,13,immunization,SlyD,Camel,n/a,n/a,QVQLQES-GGGLVQPGGSLRLSCAASG-FTIST-----TAMSWVRQAPGKGIEWVSTIFAS----GETTSYADFVQGRFITSRDNTKNT--LYLQLNNLKTEDTAMYFCAAADDFG-------------------GLNNRYRGQGTQVTVSS,13,10
R11,,,93.1,69.6,10,immunization,HSA,Llama,21.2,n/a,QVKLEES-GGGLVQAGGSLRLSCVGPG-FLLRS-----NTMGWYRQAPGKERELVAFIRP-----SGLTNYNDAVQGRFTISRDNAKNT--VYLQMNALKPEDTAVYYCHTRPPF----------------------QRDSWGQGTQVTVSS,13,9
R28,,,12.1,71.6,18,immunization,HSA,Llama,22,n/a,QVQLVES-GGGLVQAGGSLRLSCVASG-RTFIA-----YAMGWFRQAPGKEREFVAAITNF---AGGTTYYADSVKGRFTISRDNAKTT--VYLQMNSLKPEDTALYYCAADRSAQTMR--------------QVRPVLPYWGQGTQVTVSS,13,11
M75,,,1.2,79.8,17,immunization,HSA,Llama,23.6,n/a,QVQLVES-GGGFVQAGGSLRLSCAASG-RTFDN-----YVMAWFRQAPGKEREFVASISGS----GSITNYANSVKDRFTISRDSAKNA--IYLQMNSLKPEDTALYYCAAGSRRTYY---------------REPKFYPSWGQGTQVTVSS,13,10
M79,,,122,67.2,18,immunization,HSA,Llama,39.2,n/a,QVKLEES-GGGLVQAGGSLKLSCAASG-STFSS-----SSVGWYRQAPGQQRELVAAITS-----GGSTNTADSVKGRFTMSRDNAKNT--VYLQMRDLKPEDTAVYYCNVAGRNWVPI--------------SRYSPGPYWGQGTQVTVSS,13,9
R11-H3,,,,61.6,10,humanization,HSA,Llama,7.6,n/a,EVQLVES-GGGLVQPGGSLRLSCAASG-FLLRS-----NTMGWYRQAPGKERELVSFIRP-----SGLTNYNDAVQGRFTISRDNSKNT--LYLQMNSLRAEDTAVYYCHTRPPF----------------------QRDSWGQGTLVTVSS,13,9
R11-H4,,,,68.6,10,humanization,HSA,Llama,25.6,n/a,EVQLVES-GGGLVQPGGSLRLSCAASG-FLLRS-----NTMGWYRQAPGKERELVAFIRP-----SGLTNYNDAVQGRFTISRDNSKNT--LYLQMNSLRAEDTAVYYCHTRPPF----------------------QRDSWGQGTLVTVSS,13,9
R11-H5,,,307,65.2,10,humanization,HSA,Llama,15.6,n/a,EVQLVES-GGGLVQPGGSLRLSCAGPG-FLLRS-----NTMGWYRQAPGKERELVAFIRP-----SGLTNYNDAVQGRFTISRDNSKNT--LYLQMNSLRAEDTAVYYCHTRPPF----------------------QRDSWGQGTLVTVSS,13,9
R11-H6,,,252,67.5,10,humanization,HSA,Llama,28.4,n/a,EVQLVES-GGGLVQPGGSLRLSCAGPG-FLLRS-----NTMGWYRQAPGKERELVAFIRP-----SGLTNYNDAVQGRFTISRDNAKNT--VYLQMNSLRAEDTAVYYCHTRPPF----------------------QRDSWGQGTLVTVSS,13,9
R28-H1,,,162,66.1,18,humanization,HSA,Llama,7.2,n/a,EVQLVES-GGGLVQPGGSLRLSCAASG-RTFIA-----YAMGWFRQAPGKGLEFVSAITNF---AGGTTYYADSVKGRFTISRDNSKNT--LYLQMNSLRAEDTAVYYCAADRSAQTMR--------------QVRPVLPYWGQGTLVTVSS,13,11
R28-H2,,,147,66.5,18,humanization,HSA,Llama,12,n/a,EVQLVES-GGGLVQPGGSLRLSCAASG-RTFIA-----YAMGWFRQAPGKEREFVSAITNF---AGGTTYYADSVKGRFTISRDNSKNT--LYLQMNSLRAEDTAVYYCAADRSAQTMR--------------QVRPVLPYWGQGTLVTVSS,13,11
R28-H3,,,51.3,70.9,18,humanization,HSA,Llama,29.6,n/a,QVQLVES-GGGLVQPGGSLRLSCAASG-RIFIA-----YAMGWFRQAPGKEREFVAAITNF---AGGTTYYADSVKGRFTISRDNSKNT--LYLQMNSLRAEDTAVYYCAADRSAQTMR--------------QVRPVLPYWGQGTLVTVSS,13,11
R28-H4,,,11.5,66.8,18,humanization,HSA,Llama,8,n/a,QVQLVES-GGGLVQPGGSLRLSCAASG-RTFIA-----YAMGWFRQAPGKEREFVAAITNF---AGGTTYYADSVKGRFTISRDNAKTT--LYLQMNSLRAEDTAVYYCAADRSAQTMR--------------QVRPVLPYWGQGTLVTVSS,13,11
R28-H5,,,11.1,68.1,18,humanization,HSA,Llama,18,n/a,QVQLVES-GGGLVQPGGSLRLSCAASG-RTFIA-----YAMGWFRQAPGKEREFVAAITNF---AGGTTYYADSVKGRFTISRDNAKTT--VYLQMNSLRAEDTAVYYCAADRSAQTMR--------------QVRPVLPYWGQGTLVTVSS,13,11
M75-H1,,,3.2,78,17,humanization,HSA,Llama,23.2,n/a,EVQLVES-GGGLVQPGGSLRLSCAASG-RTFDN-----YVMAWFRQAPGKGLEFVSSISGS----GSITNYANSVKDRFTISRDNSKNT--LYLQMNSLRAEDTAVYYCAAGSRRTYY---------------REPKFYPSWGQGTLVTVSS,13,10
M75-H2,,,7.8,73.2,17,humanization,HSA,Llama,24.8,n/a,EVQLVES-GGGLVQPGGSLRLSCAASG-RTFDN-----YVMAWFRQAPGKEREFVSSISGS----GSITNYANSVKDRFTISRDNSKNT--LYLQMNSLRAEDTAVYYCAAGSRRTYY---------------REPKFYPSWGQGTLVTVSS,13,10
M75-H3,,,4.8,78.6,17,humanization,HSA,Llama,22,n/a,QVQLVES-GGGLVQPGGSLRLSCAASG-RTFDN-----YVMAWFRQAPGKEREFVASISGS----GSITNYANSVKDRFTISRDNSKNT--LYLQMNSLRAEDTAVYYCAAGSRRTYY---------------REPKFYPSWGQGILVTVSS,13,10
M75-H4,,,2.8,76,17,humanization,HSA,Llama,22,n/a,QVQLVES-GGGLVQPGGSLRLSCAASG-RTFDN-----YVMAWFRQAPGKEREFVASISGS----GSITNYANSVKDRFTISRDSSKNA--LYLQMNSLRAEDTAVYYCAAGSRRTYY---------------REPKFYPSWGQGTLVTVSS,13,10
M75-H5,,,2.1,80.9,17,humanization,HSA,Llama,23.6,n/a,QVQLVES-GGGLVQPGGSLRLSCAASG-RTFDN-----YVMAWFRQAPGKEREFVASISGS----GSITNYANSVKDRFTISRDSAKNA--IYLQMNSLRAEDTAVYYCAAGSRRTYY---------------REPKFYPSWGQGTLVTVSS,13,10
M79-H2,,,76.2,63.3,18,humanization,HSA,Llama,32.8,n/a,EVQLVES-GGGLVQPGGSLRLSCAASG-STFSS-----SSVGWYRQAPGKGLELVSAITS-----GGSTNTADSVKGRFTISRDNSKNT--LYLQMNSLRAEDTAVYYCNVAGRNWVPI--------------SRYSPGPYWGQGTLVTVSS,13,9
M79-H3,,,53.3,60.9,18,humanization,HSA,Llama,20,n/a,EVQLVES-GGGLVQPGGSLRLSCAASG-STFSS-----SSVGWYRQAPGKQRELVSAITS-----GGSTNTADSVKGRFTISRDNSKNT--LYLQMNSLRAEDTAVYYCNVAGRNWVPI--------------SRYSPGPYWGQGTLVTVSS,13,9
M79-H4,,,58.9,64.7,18,humanization,HSA,Llama,30.4,n/a,QVQLVES-GGGLVQPGGSLRLSCAASG-STFSS-----SSVGWYRQAPGQQRELVAAITS-----GGSTNTADSVKGRFTISRDNSKNT--LYLQMNSLRAEDTAVYYCNVAGRNWVPI--------------SRYSPGPYWGQGTLVTVSS,13,9
M79-H5,,,103,70.4,18,humanization,HSA,Llama,32.8,n/a,QVQLVES-GGGLVQPGGSLRLSCAASG-STFSS-----SSVGWYRQAPGQQRELVAAITS-----GGSTNTADSVKGRFTISRDNAKNT--VYLQMNSLRAEDTAVYYCNVAGRNWVPI--------------SRYSPGPYWGQGTLVTVSS,13,9
C5,,58,1.1,,9,immunization,BclA,Llama,6,n/a,EVQLQAS-GGGLVQPGGSLRLSCVASG-IDFST-----NVPTWYRQAPGKQRDLVAVITT-----NGLTRYADSVKGRFTISKDNAKNA--VYLQMNSLKPEDTAVYYCNAFVG-----------------------LTDYWGQGTQVTVSS,13,9
D4,,67,0.13,,5,immunization,BclA,Llama,11,n/a,EVQLQAY-GGGLVQPGGSLRLSCEASG-TTERT-----INAGWSRQAPGKEREWVGVITS-----SGMTRYADFAKGRFTISRDNSKNT--VFLHMNSLKPEDTAVYYCTTG---------------------------GKWGQGTQVTVSS,13,9
A4,,57,0.2,,5,immunization,BclA,Llama,15,n/a,EVQLQAS-GGGLVQAGESLRLSCVASG-SSLSL-----NAKAWYRQAPGKLRELVAAIGS-----GGSTVYSDSVKGRFIISRDDAKNT--IYLQMNSLKPEDTAVYYCNRG---------------------------GHWGQGTQVTVSS,13,9
E6,,60,0.36,,5,immunization,BclA,Llama,20,n/a,EVQLQAS-GGGLVQAGGSLKVSCVASG-FARSP-----YTMKWYRQAPGKQRELVAAVSS-----GGNPIYAESVRGRFTISRDNTKNT--VWLQMDSMNPEDTAVYYCNYG---------------------------NHWGQGTQVTVSS,13,9
CC3-m10hop,,,,49,8,point-mutation,n/a,Llama,,n/a,QVKLQAS-GGGSVQAGGSLRLSCVTSQ-NLFEY-----YTMGWYRQVPGSQRERVALINN------GGSTVAGSVKGRFTISRDHAKNS--VYLQMNYLKRADSAVYYCRAFGP------------------------ADYWGQGTQVTVSS,13,8
CD11,,71,,,18,immunization,Chikungunya Virus-Like Particles,Llama,n/a,n/a,DVQLQAS-GGGLVQAGGTLRLSCAHSG-RTSST-----QFWGWFRQAPGKEREFVAGMSRS----GLSTFVADSVKGRFAISRDSGKNT--VYLQMNSLKPEDTAVYFCASSPFIGEHY--------------YSSTKYHYWGQGTQVTVSS,13,10
Аа,,71,0.63,74,18,immunization,Staphyloccocus aureus enterotoxin B (SEB),Llama,10,n/a,DVQLQAS-GGGFVQAGGSLRLTCVASG-HTFGS-----YAMGWFRQAPGKEREFVAAISW-----SGGDTYADSVKGRFTISRDNAKNT--VYLQMNSLEPEDTAVYSCAAVGARYYIS--------------KDAKDYGYWGQGTQVTVSS,13,9
Ac,,73,0.67,75,18,immunization,Staphyloccocus aureus enterotoxin B (SEB),Llama,10,n/a,DVQLQAS-GGGLVQPGGSLRLTCAASG-LIFGS-----YAMGWFRQAPGKAREFVAAISW-----SGGDTYADSVKGRFTISRDNAKNT--VYLQMNSLEPEDTAVYSCAAVGSKYYIS--------------KDAKDYGYWGQGTQVTVSS,13,9
Ad,,55,0.96,60,18,immunization,Staphyloccocus aureus enterotoxin B (SEB),Llama,10,n/a,EVQLQAS-GGGLVQPGGSLRLPCAASG-LIFGS-----YAMGWFRQAPGKAREFVAAISW-----SGGDTYADSVKGRFTISRDNAKNT--VYLQMNSLEPEDTAVYSCAAVGSKYYIS--------------KDAKDYGYWGQGTQVTVSS,13,9
Ca,,47,0.69,47,18,immunization,Staphyloccocus aureus enterotoxin B (SEB),Llama,10,n/a,EVQLQAS-GGGLVQAGDSLRLPCAASL-RTFGS-----YALGWFRQAPGKEREFVAAISW-----SGGDTYADSVKGRFTISRDNAKST--VYLQMNSLEPEDTAVYSCAAVRARYYIS--------------KHATDYGFWGQGTQVTVSA,13,9
Cb,,70,0.36,72,18,immunization,Staphyloccocus aureus enterotoxin B (SEB),Llama,10,n/a,EVQLQAS-GGGLVQAGGSLRLTCAASG-RTFGS-----YAMGWFRQAPGKEREFVAAISW-----SGGDTYADSVKGRFTISRDNAKNT--VYLQMNSLEPEDTAVYWCAAVRARYYIS--------------KVAEDYGYWGQGTQVTVSS,13,9
Сс,,72,0.79,73,18,immunization,Staphyloccocus aureus enterotoxin B (SEB),Llama,3,n/a,DVQLQAS-GGGLVQAGGSLRLTCAASG-RTFGS-----YAMGWFRQAPGKEREFVAAISW-----SGGDTYADSVKGRFTISRDNAKNT--VYLQMNSLEPEDTAVYWCAAVRARYYIS--------------KVAEDYGYWGQGTQVTVSS,13,9
Cd,,59,0.12,,18,immunization,Staphyloccocus aureus enterotoxin B (SEB),Llama,10,n/a,EVQLQAS-GGGLVQAGGSLRLPCAASG-RTFGS-----YAMGWFRQAPGKEREFVAAISW-----SGGDTYADSVKGRFTISRDNAKNT--VYLQMNSLEPEDTAVYWCAAVRARYYIS--------------KVAEDYGYWGQGTQVTVSS,13,9
E2,,71,0.27,72,18,immunization,Staphyloccocus aureus enterotoxin B (SEB),Llama,10,n/a,EVQLQAS-GGGLVQAGGSLRLTCAASG-RTFGS-----YAMGWFRQAPGKEREFVAAISW-----SGGDTYADSVKGRFTISRDNAKNT--VYLQMNSLAPEDTAVYSCAAVGARYYIS--------------KDAKDYGYWGQGTQVTVSS,13,9
D9,,63,0.11,65,18,immunization,Staphyloccocus aureus enterotoxin B (SEB),Llama,10,n/a,EVQLQAS-GGGLAQAGDSLRLSCAASI-RTFGS-----YAMGWFRQAPGKEREFVAAISW-----SGGDTYADSAKGRFTISRDNAKNM--MYLQMNSLAPEDTAVYFCAIVEAKYYIS--------------KDARDYGYWGQGTQVFVSS,13,9
sdAb A3:M111A_V107I,,,0.6,76,19,point-mutation,Staphyloccocus aureus enterotoxin B (SEB),Llama,n/a,n/a,EVQLVES-GGGLVQAGDSLRLSCTASG-RTFSR-----AVMGWFRQAPGKEREFVAAISAAP-GTAYYAFYADSVRGRFSISADSAKNT--VYLQMNSLKPEDTAVYYCAADLKMQIAA-------------YANQRSVDYWGQGTQVTVSS,13,13
A18,,,0.05,67,15,immunization,BoNT,Llama,15.6,n/a,QVKLQES-GGGLVQAGDSLRLSCAASR-RTFSE-----YTLAWFRQAPGKEREFVTGISYN----GVTTWYADSVKGRFTISRDNAKNT--LYLQMNSLKREDTAVYYCAADPRTAD-----------------YSGSYRYWGQGTQVTVSS,13,10
C1,,,,53,19,immunization,BoNT,Llama,6.3,n/a,QVKLQAS-GGGLVQAGGSLRLSCAASG-RTFST-----YGVGWFRQAPGKEREFVAGISWN----GDSTYYAPSVKGRFTISRDNTKNT--AYLQMNSLKPEDTAVYYCAVGTISYSLR-------------YAAPASYDYWGQGTQVTVSS,13,10
C6,,,,58,18,immunization,BoNT,Llama,12,n/a,QVKLQAS-GGGLVQPGGSLRLSCAASG-RAISA-----YIMAWFRQVPGKEREFVAGTHWN----ARSTYYDDSAEGRFTISRDNAKNT--VYLEMNSLKPEDTAVYFCAQDQSPYGTS--------------LSLRGSKYWGQGTQVTVSS,13,10
C24,,,0.16,66,20,immunization,BoNT,Llama,13.2,n/a,QVKLQAS-GGGLVQAGGSLTLSCADSG-HTFST-----YIMAWFRQAPGKEREFVASRTH-----RNWTYYPDSVKGRFTISRDSAKNT--LYLQMNSLKPEDTAVYYCAARRMDSGSYR------------YNDRETYDYWGQGTQVTVSS,13,9
D16,,,0.5,53,24,immunization,BoNT,Llama,12.3,n/a,QVKLQAS-GGGLAQPGGSLTLSCAASG-RTLDT-----YVMGWFRQAPGKEREFVAAIRWN----GGNVYYGDSPKGRFTISRDSAKNT--VYLQMNSLNSEDTAVYYCAARGPNPGTRYFY--------TDEKSTDWFRDWGQGTQVTVSS,13,10
D22,,,0.36,62,15,immunization,BoNT,Llama,10.2,n/a,QVKLQAS-GGGLVQPGGSLRLSCAASG-NIFSD-----RSMGWYRQAPGKQREYVAAIGA-----GGSTNYADFVKGRFTISRDNAKNT--GYLQMNSLQPEDTAVYYCKLYSAPTT-----------------RDARREYWGQGTQVTVSS,13,9
E4,,,0.31,57,19,immunization,BoNT,Llama,12.2,n/a,QVKLQAS-GGGLVQAGGSLRLSCAASG-RTFSN-----FAMGWFRQAPGKEREFVAALSWS----NGSTAYPDAMKGRFTISRDNAGNT--GYLQMNTLKPEDTAVYYCAAVERPRARI-------------PVGSYEFTSWGQGTQVTVSS,13,10
E6,,60,0.36,,5,immunization,BclA,Llama,20,n/a,EVQLQAS-GGGLVQAGGSLKVSCVASG-FARSP-----YTMKWYRQAPGKQRELVAAVSS-----GGNPIYAESVRGRFTISRDNTKNT--VWLQMDSMNPEDTAVYYCNYG---------------------------NHWGQGTQVTVSS,13,9
E7,,,,64,19,immunization,BoNT,Llama,1.5,n/a,QVKLQAS-GGGLVQAGDSLRLSCAASG-RTLVI-----YAIAWFRQAPGKEREFVSAVRST----GSDTYYANSVKGRFTISRDNSRNN--VYLQMDSLQPEDTAVYYCAAGRGQRLGY-------------SRRQNDYDFWGQGIQVTVSS,13,10
E7m2,,,,72,19,immunization,BoNT,Llama,1.8,n/a,DVQLVES-GGGLVQAGDSLRLSCAASG-RTLVI-----YAIAWFRQAPGKEREFVSAVRST----GSDTYYANSVKGRFTISRDNSRNN--VYLQMDSLQPEDTAVYYCAAGRGQRLGY-------------SRRQNDYDFWGQGTQVTVSS,13,10
E7m3,,,0.12,80,19,immunization,BoNT,Llama,4.3,n/a,EVQLVES-GGGLVQAGDSLRLSCAASG-RTLVI-----YAIAWFRQAPGKEREFVSAVRST----GSDTYYANSVKGRFTISRDNAKNM--VYLQMNSLKPEDTAVYYCAAGRGQRLGY-------------SRRQNDYDFWGQGTQVTVSS,13,10
F8,,58,0.14,59,17,immunization,Ricin,Llama,n/a,n/a,DVQLQAS-GGGLAQAGGSLRLSCAYSG-DTVND-----YGMGWFRQVPGKGREFVAAIRAS----GGGTEYLDSVKGRFTISRDNR-NT--ATLDMNDLRPDSTAVYYCALSMGGYAY---------------RAFERYNYRGQGTQVTVSP,13,10
L1-H2,,62,1.7,66,19,immunization,recombinant L1 antigen,Llama,n/a,n/a,EVQLQAS-GGGLVQAGGSLRLSCAASG-RTLST-----GVMGWFRQLPGKEREFVARITWI----AGSSLYADSVKGRFTISRDNTNNT--VYLQMNALKPEDTAVYYCAANLAGNSWP-------------YKTPMDYDSWGQGTQVTVSS,13,10
L1-E6,,60,2.6,60,15,immunization,recombinant L1 antigen,Llama,n/a,n/a,EVQLQAS-GGGLVQAGGSLRLSCIASG-RAFST-----TNMGWFRQAPGKEREFVTRVNWS----GGVTSYADPVKGRFTLSRDNTKNT--VYLQMNSLKPEDTAVYYCAGSTVWST-----------------DGAHYNYWGQGTQVTVSS,13,10
L1-H7,,60,1.5,62,15,immunization,recombinant L1 antigen,Llama,19,n/a,EVQLQAS-GGGLVQAGGSLRLSCIASG-RAFST-----TNMGWFRQAPGKEREFVTRVNWS----GGVTSYADSVKGRFTLSRDNTKNT--VYLQMNSLKPEDTAVYYCAGSTVWST-----------------DRAHYNYWGRGTQVTVSS,13,10
L1-C5,,57,4,58,15,immunization,recombinant L1 antigen,Llama,n/a,n/a,EVQLQAS-GGGLVQAGGSLRLSCIASG-RAFST-----TNMGWFRQAPGKEREFVTRVNWS----GGVTSYADSVKGRFTLSRDYTKNT--VYLQMNSLKPEDTAVYYCAGSTVWST-----------------DRAHYNYWGQGTQVTVSS,13,10
L1-G2,,61,1.9,64,15,immunization,recombinant L1 antigen,Llama,19,n/a,EVQLQAS-GGGLVQAGGSLRLSCTASG-RAFST-----TNMGWFRQAPGKEREFVTRVNWS----GGVTSYADSVKGRFTLSRDNTKNT--VYLQMDSLKPEDTAVYYCAGSTVWST-----------------DRKHYNYWGQGTQVTVSS,13,10
L1-G2+,,80,1,81,15,point-mutation,recombinant L1 antigen,Llama,3.5,n/a,EVQLQAS-GGGLVQAGGSLRLSCTASG-RAFST-----TNMGWFRQAPGKEREFVCRVNWS----GGVTSYADSVKGRFTCSRDNTKNT--VYLQMDSLKPEDTAVYYCAGSTVWST-----------------DRKHYNYWGQGTQVTVSS,13,10
L1-E2,,56,0.7,56,9,immunization,recombinant L1 antigen,Llama,n/a,n/a,EVQLQAS-GGGLVQPGGSLRLSCAASG-FSISS-----ATMSWVRQAPGKGLEWVSTVQDG----AGIISSADSAKARFTISRDSAKNT--LYLQMNSLKPEDTAVYYCRTVVF-----------------------GRILRGQGTQVTVSS,13,10
VACC-A5,,60,,,19,immunization,Vaccinia virus,Llama,n/a,n/a,EVQLQAS-GGGLVQAGGSLRLSCAASG-RAIDS-----LGMGWFRQAPGKEREFVAVARRS----ARRTYYADSVKGRFTVSRDNAKNT--VYLQMSSLKPEDTAVYYCAADPSVISTD-------------YEDAKEYDYWGQGTQVTVSS,13,10
VACC-G11,,61,,,19,immunization,Vaccinia virus,Llama,n/a,n/a,EVQLQAS-GGGLVQPGGSLRLSCAASG-RAIGS-----LGMGWFRQAPGKEREFVAVTRRS----ARRTYYADSVKGRFTVSRDNAKNT--VYLQMSSLKPEDTAVYYCAADPSVISTD-------------YEDAKEYDYWGQGTQVTVSS,13,10
VACC-D9,,71,,,20,immunization,Vaccinia virus,Llama,n/a,n/a,EVQLQAS-GGGLVQAGGSLRLSCAVSG-RAFST-----YTMGWFRQAPGREREFVAHNSWS----GGRTYYADSVKGRFTISRDNAKNT--VYLQMTSLKPEDTAVYYCAATAALRGNYY------------YTQRDTYDYWGQGTQVTVSS,13,10
VACC-B7,,79,,,17,immunization,Vaccinia virus,Llama,n/a,n/a,DVQLQAS-GGGLVQAGGSLRLSCAASG-LTVSR-----YTMGWFRQAPGKEREFVAAIRWI----EGRTYYADSVKGRFTISRDNAKNT--VYLQMNSLKPDDTAVYYCAARAGATIR---------------TVGNDYEHWGQGTQVTVSS,13,10
VACC-D12,,75,,,17,immunization,Vaccinia virus,Llama,n/a,n/a,DVQLQAS-GGGLVQAGGSLRLSCAASG-LTVSR-----YTMGWFRQAPGKEREFVAAIRWI----EGRTYYADSVKGRFTISRDNAKNT--VYLQMNSLKPDDMAVYYCAARAGATIR---------------TSGNEYEYWGQGTQVTVSS,13,10
VACC-C5,,57,,,18,immunization,Vaccinia virus,Llama,n/a,n/a,DVQLQAS-GGGLVQAGGFLRLSCAASG-RTFSS-----TAMGWFRQAPGKERDFVAVIMRD----DGRTDYAASVEGRFTISKDSATNT--VYLQMNSLKPEDTAIYFCGVQSYRRGNY--------------YRPANYNYWGQGTQVTVSS,13,10
VACC-E4,,70,,,19,immunization,Vaccinia virus,Llama,n/a,n/a,EVQLQAS-GGGLVQAGSSLRLSCAASG-LTTST----LYRMGWFRQAPGKEREFVGTITWS----GGSTHYPDSLKGRFTISRDDAKNT--GFLQMDSLKPEDTAIYYCAARTSAGIYD-------------PTSPPAYDSWGQGTQVTVSS,14,10
VACC-F7,,62,,,16,immunization,Vaccinia virus,Llama,n/a,n/a,EVQLQAS-GGGMVQAGESLRLSCVASG-RTFRT-----STMGWFRQAPGKEREFVAASSWR----GGDMDYADSVKDRFIMSRDNAKNT--VYLQMNSLRPEDTAVYYCAVSSAGNTR----------------RYLTYHYWGQGTQVTVSS,13,10
VACC-E7,,60,,,18,immunization,Vaccinia virus,Llama,n/a,n/a,EVQLQAS-GGGLVQPGGSLRLACVASG-FTLEY-----SAIGWFRQAPGKEREAVSRIRNR----DGRAIYADSVKDRFTISRDNAKST--VYLQMDSLKPEDTATYYCGRHIGVRSSW--------------ALPSEYDYWGQGTQYIYSS,13,10
VACC-C11,,59,,,11,immunization,Vaccinia virus,Llama,n/a,n/a,EVQLQAS-GGGLVQAGGSLRLSCAASG-STGSI-----IVMSWHRQAPGNQRELVAGISS-----SGTVNYVDSVKGRFTISRDNAKNT--VYLQMNSLKPEDTAVYYCNAWLGR---------------------SAGTSWGQGTQVTVSS,13,9
L1-G2+neg,,81,3.3,78,15,point-mutation,recombinant L1 antigen,Llama,13.8,n/a,EVQLVES-GGGLVQDGDSLRLSCTASG-RAFST-----TNMGWFRQAPGKEREFVCRVNWS----GGVTSYADSVKGRFTCSRDNTKNT--VYLQMDSLKPEDTAVYYCAGSTVWST-----------------DRKHYNYWGQGTQVTVSS,13,10
L1-G2+neg2,,81,23,78,15,point-mutation,recombinant L1 antigen,Llama,7.9,n/a,EVQLVES-GGGLVQDGDSLRLSCTASG-RAFST-----TNMGWFRQAPGKEREFVCRVNWS----GGVTSYADSVKGRFTCSADNTKNT--VYLQMDSLKPEDTAVYYCAGSTVWST-----------------DRKHYNYWGQGTQVTVSS,13,10
A3,,86,,85,19,immunization,n/a,Llama,,n/a,EVQLVES-GGGLVQAGDSLRLSCTASG-RTFSR-----AVMGWFRQAPGKEREFVAAISAAP-GTAYYAFYADSVRGRFSISADSAKNT--VYLQMNSLKPEDTAVYYCAADLKMQVAA-------------YMNQRSVDYWGQGTQVTVSS,13,13
A3+,,87,,90,19,point-mutation,n/a,Llama,,n/a,EVQLVES-GGGLVQAGDSLRLSCTASG-RTFSR-----AVMGWFRQAPGKEREFVCAISAAP-GTAYYAFYADSVRGRFSCSADSAKNT--VYLQMNSLKPEDTAVYYCAADLKMQVAA-------------YMNQRSVDYWGQGTQVTVSS,13,13
A3+neg,,85,,87,19,point-mutation,n/a,Llama,,n/a,EVQLVES-GGGLVDAGDSLRLSCTASG-RTFSD-----AVMGWFRQAPGKEREFVCAISAAP-GTAYYAFYADSVRGRFSCSADSAKNT--VYLQMNSLKPEDTAVYYCAADLKMQVAA-------------YMNQRSVDYWGQGTQVTVSS,13,13
AC,,73,,74,18,immunization,n/a,Llama,,n/a,DVQLQAS-GGGLVQPGGSLRLTCAASG-LIFGS-----YAMGWFRQAPGKAREFVAAISW-----SGGDTYADSVKGRFTISRDNAKNT--VYLQMNSLEPEDTAVYSCAAVGSKYYIS--------------KDAKDYGYWGQGTQVTVSS,13,9
ACneg,,80,,81,18,point-mutation,n/a,Llama,,n/a,DVQLVES-GGGLVQPGGSLRLTCAASG-LIFGS-----YAMGWFRQAPGKAREFVAAISW-----SGGDTYADSVKGRFTISRDNAKNT--VYLQMNSLEPEDTAVYSCAAVGSKYYIS--------------KDAKDYGYWGQGTQVTVSS,13,9
ACneg2,,81,,80,18,point-mutation,n/a,Llama,,n/a,DVQLVES-GGGLVQPGGSLRLTCAASG-LIFGS-----YAMGWFRQAPGKAREFVAAISW-----SGGDTYADSVKGRFTISRDNAKNT--VYLQMNSLEPEDTAVYSCAAVGSKYYIS--------------KDAKDYGYWGQGTQVTVSS,13,9
AC+,,76,,82,18,point-mutation,n/a,Llama,,n/a,DVQLQAS-GGGLVQPGGSLRLTCAASG-LIFGS-----YAMGWFRQAPGKAREFVCAISW-----SGGDTYADSVKGRFTCSRDNAKNT--VYLQMNSLEPEDTAVYSCAAVGSKYYIS--------------KDAKDYGYWGQGTQVTVSS,13,9
AC+neg,,82,,86,18,point-mutation,n/a,Llama,,n/a,DVQLVES-GGGLVQPGGSLRLTCAASG-LIFGS-----YAMGWFRQAPGKAREFVCAISW-----SGGDTYADSVKGRFTCSRDNAKNT--VYLQMNSLEPEDTAVYSCAAVGSKYYIS--------------KDAKDYGYWGQGTQVTVSS,13,9
AC+neg2,,81,,85,18,point-mutation,n/a,Llama,,n/a,DVQLVES-GGGLVQPGGSLRLTCAASG-LIFGS-----YAMGWFRQAPGKAREFVCAISW-----SGGDTYADSVKGRFTCSRDNAKNT--VYLQMNSLEPEDTAVYSCAAVGSKYYIS--------------KDAKDYGYWGQGTQVTVSS,13,9
A3:A50C_A108C,,,,89,19,point-mutation,n/a,Llama,,n/a,EVQLVES-GGGLVQAGDSLRLSCTASG-RTFSR-----AVMGWFRQAPGKEREFVACISAAP-GTAYYAFYADSVRGRFSISADSAKNT--VYLQMNSLKPEDTAVYYCAADLKMQVCA-------------YMNQRSVDYWGQGTQVTVSS,13,13
A3:V33C_M105C,,,,89,19,point-mutation,n/a,Llama,,n/a,EVQLVES-GGGLVQAGDSLRLSCTASG-RTFSR-----ACMGWFRQAPGKEREFVAAISAAP-GTAYYAFYADSVRGRFSISADSAKNT--VYLQMNSLKPEDTAVYYCAADLKCQVAA-------------YMNQRSVDYWGQGTQVTVSS,13,13
A3D1,,,9.4,48,15,grafting,Ricin,Llama,15,n/a,EVQLVES-GGGLVQAGDSLRLSCTAS--GREGT-----TTVGWFRQAPGKEREFVAAIR-------WTDSRTPHTDSRFSISADSAKNT--VYLQMNSLKPEDTAVYYCAADTWNSV-----------------VTGTAADWGQGTQVTVSS,12,7
D1A3,,,0.56,68,19,grafting,SEB,Llama,15,n/a,EVQLQAS-GGGLVQPGGSLRLACQYSG-RTFSR-----AVMGWERQSPGKEREFVAAISAAP-GTAYYAFYADSVRGRETTSSDNFKKT--AYLQMNGLKPEDTALYYCTEDLKMQVAA-------------YMNQRSVDYWSQGTQVTVSS,13,13
A3C8,,,0.72,70,19,grafting,Ricin,Llama,15,n/a,EVQLVES-GGGLVQAGDSLRLSCTASG-RTLGD-----YGVAWFRQAPGKEREFVAVISRS----TIITDYANSVKGRFSISADSAKNT--VYLQMNSLKPEDTAVYYCAAIANPVYAT-------------SRNSDDYGHWGQGTQVTVSS,13,10
C8A3,,,2.7,65,19,grafting,SEB,Llama,15,n/a,EVQLQAS-GGGLVQGGDSLRLSCAASG-RTFSR-----AVMGWFRQAPGKEREFVSAISAAP-GTAYYAFYADSVRGRFTISRDNAKNA--VYLQMNSLKPEDTAVYYCAVDLKMQVAA-------------YMNQRSVDYWGQGTQVTVSS,13,13
C2,,65,1.9,,19,immunization,Ricin,Llama,n/a,n/a,DVQLQAS-GGGLVQGGDSLRLSCAASG-RALSD-----YGVAWFRQAPGKEREFVSVIGRS----TIITDYANSVKGRFTISRDNAKNA--VYLDMNSLKPEDTAVYYCAVITNPYYAT-------------SRNSDDYGYWGQGTQVTVSS,13,10
C20neg+,,75,11,76,19,point-mutation,α-cobratoxin,Llama,3.1,n/a,EVQLVES-GGGLVQPGGSLRLSCVGSG-SISSF-----NGMGWYRQAPGKEREFVCFISS-----GGRSKYTDSVKGRFTCSGDNAKST--VYLQMINLKPEDTAVYYCNVGSVLSYVT-------------GNYYEPSDYWGQGTQVTVSS,13,9
C2,,65,1.9,,19,immunization,Ricin,Llama,n/a,n/a,DVQLQAS-GGGLVQGGDSLRLSCAASG-RALSD-----YGVAWFRQAPGKEREFVSVIGRS----TIITDYANSVKGRFTISRDNAKNA--VYLDMNSLKPEDTAVYYCAVITNPYYAT-------------SRNSDDYGYWGQGTQVTVSS,13,10
C8,,58,0.27,60,19,immunization,Ricin,Llama,n/a,n/a,EVQLQAS-GGGLVQGGDSLRLSCAASG-RTLGD-----YGVAWFRQAPGKEREFVSVISRS----TIITDYANSVKGRFTISRDNAKNA--VYLDMNSLKPEDTAVYYCAVIANPYYAT-------------SRNSDDYGHWGQGTQVTVSS,13,10
D12,,74,0.9,76,19,immunization,Ricin,Llama,n/a,n/a,EVQLQAS-GGGLVQDGGSLRLSCAVAG-RPLSD-----YGVGWFRQASGKEREFVAVISGC----GIVTDYANSVKGRFTISRDVAKNV--VHLQMNSLKPEDTAVYYCAALTNPVYAA-------------SRNSNDYGYWGQGTQVTVSS,13,10
E9,,55,0.17,58,19,immunization,Ricin,Llama,n/a,n/a,EVQLQAS-GGGLVQGGDSLRLSCAASG-RTLSV-----YGVAWFRQAPGKEREFVSVISRS----TIITDYANSVKGRFTISRDNAKNA--VYLQMNSLKPEDTAVYYCAVITNPVYAT-------------SRNSDDYGYWGQGTQVTVSS,13,10
H3,,53,0.22,57,19,immunization,Ricin,Llama,n/a,n/a,EVQLQAS-GGGLVQGGDSLRLSCAASG-RTLSD-----YGVAWFRQAPGKEREFVSVIGRS----TIITDYANSVKGRITISRDNAKNA--VYLQMNSLKPEDTAVYYCAVITNPVYAT-------------SRNSDDYGYWGQGTQVTVSS,13,10
H1,,65,0.61,65,17,immunization,Ricin,Llama,n/a,n/a,DVQLQAS-GGGLAQAGGSLRLSCAYSG-DTVND-----YAMAWFRQAPGKGREFVAAIRAR----GGGTEYLDSVKGRFTISRDNGENT--AYLQMDNLQPDDTALYFCALAMGGYAY---------------RAFERYSYRGQGTQVTVSS,13,10
F8,,58,0.14,59,17,immunization,Ricin,Llama,n/a,n/a,DVQLQAS-GGGLAQAGGSLRLSCAYSG-DTVND-----YGMGWFRQVPGKGREFVAAIRAS----GGGTEYLDSVKGRFTISRDNR-NT--ATLDMNDLRPDSTAVYYCALSMGGYAY---------------RAFERYNYRGQGTQVTVSP,13,10
D1,,50,0.8,49,15,immunization,Ricin,Llama,n/a,n/a,EVQLQAS-GGGLVQPGGSLRLACQYS--GREGT-----TTVGWFRQSPGKEREFVAAIR-------WTDSRTPHTDSRFTTSSDNFKKT--AYLDMNGLKPEDTALYYCTEDTWNSY-----------------YTGTAADWSQGTQVTVSS,12,7
F11,,50,0.9,54,15,immunization,Ricin,Llama,n/a,n/a,EVQLQAS-GGGLVRPGGSLRLACQYS--GREGT-----TTVGWIRQSPGKEREFVAAIR-------WTDSRTSHTDSRETTSSDNFKKT--AYLQMNGLKPEDTALYYCTEDTWNSY-----------------YTGTAAGWSQGTQVTVSS,12,7
D12f,,74,0.051,78,19,immunization,Ricin,Llama,n/a,n/a,EVQLQAS-GGGLVQDGGSLRLSCAVAG-RPLSD-----YGVGWFRQASGKEREFVAVISGS----GIVTDYANSVKGRFTISRDVAKNV--VHLQMNSLKPEDTAVYYCAALTNPVYAA-------------SRNSNDYGYWGQGTQVTVSS,13,10
H1W,,70,0.58,71,17,immunization,Ricin,Llama,n/a,n/a,DVQLQAS-GGGLAQAGGSLRLSCAYSG-QTVND-----YAMAWFRQAPGKGREFVAAIRAR----GGGTEYLDSVKGRFTISRDNGENT--AYLQMDNLQPDDTALYFCALAMGGYAY---------------RAFERYSVWGQGTQVTVSS,13,10
C10,,60,4.9,66,15,immunization,Ricin,Llama,n/a,n/a,DVQLQAS-GGELVQPGDSLRLICAHS--GREGT-----TTVGIFRQAPGKEREFVAALRMT----DGRISYANSVKERFTISSDNWKKT--VYLQMNGLKPEDSALYYCAEDSWYPV-----------------VTGTAAYWGQGTQVTVSS,12,10
D12fneg,,77,0.041,79,19,point-mutation,Ricin,Llama,n/a,n/a,EVQLQAS-GGGLVQDGGSLRLSCAVAG-RPLSD-----YGVGWFRQASGKEREFVAVISGS----GIVTDYADSVKGRFTISRDVAKNV--VHLQMNSLKPEDTAVYYCAALTNPVYAA-------------SRNSDDYGYWGQGTQVTVSS,13,10
H1Wneg,,62,0.62,65,17,point-mutation,Ricin,Llama,n/a,n/a,DVQLQAS-GGGLAQDGGSLRLSCAYSG-QTVND-----YAMAWFRQAPGKEREFVAAIRAR----GGGTEYLDSVKGRFTISRDNGENT--AYLQMDNLQPDDTALYFCALAMGGYAY---------------RAFERYSVWGQGTQVTVSS,13,10
C10neg,,65,0.06,65,15,point-mutation,Ricin,Llama,n/a,n/a,DVQLQAS-GGELVQDGDSLRLICAHS--GREGT-----TTVGIFRQAPGKEREFVAALRMT----DGRISYADSVKERFTISSDNWKNT--VYLQMNGLKPEDSALYYCAEDSWYPV-----------------VTGTAAYWGQGTQVTVSS,12,10
D12fneg+,,77,0.15,82,19,point-mutation,Ricin,Llama,n/a,n/a,EVQLQAS-GGGLVQDGGSLRLSCAVAG-RPLSD-----YGVGWFRQASGKEREFVCVISGS----GIVTDYADSVKGRFTCSRDVAKNV--VHLQMNSLKPEDTAVYYCAALTNPVYAA-------------SRNSDDYGYWGQGTQVTVSS,13,10
H1W+,,75,4.3,78,17,point-mutation,Ricin,Llama,n/a,n/a,DVQLQAS-GGGLAQAGGSLRLSCAYSG-QTVND-----YAMAWFRQAPGKGREFVCAIRAR----GGGTEYLDSVKGRFTCSRDNGENT--AYLQMDNLQPDDTALYFCALAMGGYAY---------------RAFERYSVWGQGTQVTVSS,13,10
H1Wneg+,,68,3.2,75,17,point-mutation,Ricin,Llama,n/a,n/a,DVQLQAS-GGGLAQDGGSLRLSCAYSG-QTVND-----YAMAWFRQAPGKEREFVCAIRAR----GGGTEYLDSVKGRFTCSRDNGENT--AYLQMDNLQPDDTALYFCALAMGGYAY---------------RAFERYSVWGQGTQVTVSS,13,10
C10neg+,,78,0.42,78,15,point-mutation,Ricin,Llama,n/a,n/a,DVQLQAS-GGELVQDGDSLRLICAHS--GREGT-----TTVGIFRQAPGKEREFVCALRMT----DGRISYADSVKERFTCSSDNWKNT--VYLQMNGLKPEDSALYYCAEDSWYPV-----------------VTGTAAYWGQGTQVTVSS,12,10
DC4,,64,43,,16,immunization,DENV-4 NS1,Llama,n/a,n/a,EVQLQAS-GGGLVQAGGSLRLSCAASE-RTFSH-----YFVGWFRQAPGKEREFVARITWS----GSNYEYEDAVKDRFTLSSDNAKNT--VYLHMNSLKPEDTAVYYCAAANTIWTP----------------TIRDYNYWGQGTQVTVSS,13,10
DH12,,68,20.9,,16,immunization,DENV-4 NS1,Llama,n/a,n/a,EVQLVES-GGGSVQAGGSLRLSCAASE-RTFSY-----YFMGWFRQAPGKEREWVARIRWN----GDGADYTDAVKDRFTISSDHAKNT--VYLQMNSLKPEDTAVYYCAAANSIWKP----------------TTRDYNYWGQGTQVTVSS,13,10
DD5,,65,24,,16,immunization,DENV-4 NS1,Llama,n/a,n/a,EVQLQAS-GGGLVQAGGSLRLSCAASG-RAFSS-----ETMGWFRQAPGKEREFVAAIWRIG-GSTYNTDYADSVKGRFAISADRAKNT--VDLQMNTLKPEDTAVYYCAGKMRGRSY----------------NLYDYDYWGQGTQVTVSS,13,13
DD7,,59,2.4,,16,immunization,DENV-4 NS1,Llama,n/a,n/a,EVQLVQS-GGGSVQAGGSLRLSCAHSS-ITVPD-----YTIGWFRRAPGKGGEEVSLISMH----GGRSWYAGSVKGRFAISRDSVKNT--VYLQMNNLKPEDTDIYYCGGTTFGLAA----------------APNEYDSWGQGSQVTVSS,13,10
DD6,,53,2.5,,16,immunization,DENV-4 NS1,Llama,n/a,n/a,EVQLQAS-GGGSVQAGGSLRLSCAHSS-ITVPD-----YTIGWYRRAPGKGGEEVSLISMH----GGRTWYAGSVKGRFAISRDSVKNT--VYLQMNNLKPEDTDIYYCGGTTFGLAA----------------APNEYDSWGQGSQVTVSS,13,10
DC7,,52,2.2,,16,immunization,DENV-4 NS1,Llama,n/a,n/a,EVQLQAS-GGGSVQAGGSLRLSCAHSS-ITVPD-----YTIGWYRRAPGKGGEEVSLISMH----GGRTWYAGSVKGRFAISRDSVKNT--VYLQMNNLKPEDTDIYYCGGTTFGLAA----------------APNEYDSWGQGSQVTVSS,13,10
DB5,,65,0,,10,immunization,DENV-4 NS1,Llama,n/a,n/a,DVQLQAS-GGGLVQDGGSLRLSCAASG-LGFRI-----HSMGWYRQAPGKARDLVAVITD-----SGQTNYAPSVKGRFTISRESAGNT--VYLQMNSLKPDDTAVYYCAVTTWD----------------------PHSYWGQGTQVTVSS,13,9
DH4,,55,8.5,,14,immunization,DENV-4 NS1,Llama,n/a,n/a,DVQLQAS-GGGVVQAGGSLRVSCAATG-IAFAS-----YAVAWYRQAPGKQREWVATVGG-----LGGTKYVDSVRGRFTISRDNAKNA--VTLQMNSLKPEDTAVYYCAAVEWDDG------------------HYYWDTWGQGTRVTVSA,13,9
DD1,,61,7.8,,14,immunization,DENV-4 NS1,Llama,n/a,n/a,EVQLQAS-GGGLVQAGGSLRVSCAATG-IAFAS-----YAVAWYRQAPGKQREWVATVGG-----LGGTKYVDSVKGRFTISRDNAKNA--VTLQMNSLKPEDTAVYYCAAVEWDDG------------------HYYWDTWGQGTRVTVSA,13,9
DD9,,59,34.8,,14,immunization,DENV-4 NS1,Llama,n/a,n/a,EVQLQAS-GGGLVQAGGSLRVSCAASG-IAFTN-----YALAWYRQPPGKQREWVATVGV-----LGGTKYADSVKGRFAISRDNAKNT--VILQMNSLKPVDTAVYFCAAVEWSNG------------------RYYWDSWGQGTQVTVSA,13,9
D2-L29:A107F,,,1.3,,14,point-mutation,HEL,Camel,n/a,n/a,DVQLVES-GGGSVQAGESLRLSCAASG-VTYKN-----YCIGWFRQAPGKDREGVVFINSD----GGITYYADSVKGRFTISQDNAKNT--VYLQMNSLKPEDTASYYCAAGYRNYG------------------QCFTRYWGQGTQVTVSS,13,10
D2-L29:A107R,,,1.7,,14,point-mutation,HEL,Camel,n/a,n/a,DVQLVES-GGGSVQAGESLRLSCAASG-VTYKN-----YCIGWFRQAPGKDREGVVFINSD----GGITYYADSVKGRFTISQDNAKNT--VYLQMNSLKPEDTASYYCAAGYRNYG------------------QCRTRYWGQGTQVTVSS,13,10
D2-L29:A107Y,,,0.65,,14,point-mutation,HEL,Camel,n/a,n/a,DVQLVES-GGGSVQAGESLRLSCAASG-VTYKN-----YCIGWFRQAPGKDREGVVFINSD----GGITYYADSVKGRFTISQDNAKNT--VYLQMNSLKPEDTASYYCAAGYRNYG------------------QCYTRYWGQGTQVTVSS,13,10
JMN-D10,,,1.6,,9,immunization,letal factor (LF),Alpaca,n/a,n/a,QVQLVES-GGALVQAGGSLRLSCAASE-TSSVS----LSWMGWYRQAPGKERELVAGINR------DRPKYKESVKGRFTISRDNAQNT--VYLQMNSLKPEDTAVYYCNTVPP-----------------------RGDYWGQGTQVTVSS,14,8
JMO-B3,,,0.02,,17,immunization,letal factor (LF),Alpaca,n/a,n/a,QVQLVES-GGGLVQPGGSLRLSCAASG-SISSI-----NAMGWYRQAPGKQRELVAAITI-----RGNTVYGDSVKGRFTVSRDNAKNT--VYLQMNSLKPEDTAVYYCNAKSTPSLY---------------AAGYGVDYWGEGTLVTVSS,13,9
JMO-B9,,,0,,19,immunization,letal factor (LF),Alpaca,n/a,n/a,QVQLVES-GGGLVQAGASLRLSCAASG-RTFST-----DHMGWFRQAPQKEREFVAAINAW---SGLSIYYADSVKGRFTISRDNDKKT--AYLQMNSLKPEDTAVYYCAAKEMGRGWV-------------PQSSDDYDAWGQGTQVTVSS,13,11
JMO-G1,,,0.011,,15,immunization,letal factor (LF),Alpaca,n/a,n/a,QVQLVES-GGGWVQAGGSLRLSCAASG-RAASG-----NAMAWFRQAPGKEREFVALISWS----GGRPYYANSVKGRFAISRDNATNT--VYLQMNRLKPEDTAVYYCAASPTIAI-----------------LPTPYDYWGQGTQVTVSS,13,10
VP40-A2,,,0.91,55,12,immunization,Ebola virus viral protein 40 (VP40),Llama,n/a,n/a,DVQLQAS-GGGLVQAGGSMRLSCAASG-MTFSI-----GDMGWYRQAPGKQRESVATISR-----RGSTNYADSVQGRFTISRDNTKDT--IDLQMISLKPGDTAVYYCTAITHPP--------------------FDLNYWGQGTQVTVSS,13,9
VP40-H1,,,3.5,57,12,immunization,Ebola virus viral protein 40 (VP40),Llama,n/a,n/a,DVQLQAS-GGGLVQAGGSLRLSCAASG-MTFSI-----GDMGWYRQAPGKQRESVATISR-----RGSTNYADSVQGRFTISRDNTKDT--IDLQMISLKPGDTAVYYCTAITHPP--------------------FELNYWGQGTQVTVSS,13,9
RN05,,,35,,14,immunization,RNase A,Camel,4,n/a,QVQLVES-GGGLVQAGGSLRLSCAASG-YAYTY-----IYMGWFRQAPGKEREGVAAMDSG----GGGTLYADSVKGRFTISRDKGKNT--VYLQMDSLKPEDTATYYCAAGGYELR------------------DRTYGQWGQGTQVTVSS,13,10
AMD9,,,,,16,immunization,amylase,Camel,4,n/a,QVQLVES-GGGSVQAGGSLSLSCAAS--TYTD-------TVGWFRQAPGKEREGVAAIYRR----TGYTYSADSVKGRFTLSQDNNKNT--VYLQMNSLKPEDTGIYYCATGNSVRLA----------------SWEGYFYWGQGTQVTVSS,10,10
A19.2,,,290,75.1,21,immunization,C. difficile toxin A,Llama,n/a,n/a,QVKLEES-GGGLVQPGGSLRLSCAASG-RTLSS-----YIVAWFRQAPGKEREFVAGISRR----GGNSAYVESVKGRFTISRDNAKNT--VYLQMNSLKPEDTAVYYCAADGSVAGWGR-----------RSVSVSSYDYWGQGTQVTVSS,13,10
A20.1,,,2,72.4,16,immunization,C. difficile toxin A,Llama,n/a,n/a,QVQLVES-GGGLAQAGGSLRLSCAASG-RTFSM-----DPMAWFRQPPGKEREFVAAGSST----GRTTYYADSVKGRFTISRDNAKNT--VYLQMNSLKPEDTAVYYCAAAPYGANW----------------YRDEYAYWGQGTQVTVSS,13,10
A24.1,,,260,74.6,17,immunization,C. difficile toxin A,Llama,n/a,n/a,QVQLVES-GGGLVQAGGSLRLSCAASI-RSFSN-----RNMGWFRQPPGKEREFVAGISWG----GGSTRYADSVKGRFTISRDNAKKT--VYLQMNSLKPEDTAVYYCAAEFGHNIA---------------TSSDEYDYWGQGTQVTVSS,13,10
A4.2m,,,20,93.6,18,point-mutation,C. difficile toxin A,Llama,7.5,n/a,QVKLEES-GGGLVQAGGSLRLSCAASG-RTFNT-----LSMGWFRQAPGKEREFVCAVSRS----GGSTYYADSVKGRFTCSRDNAKNT--VYLQMNSLKPEDTAVYYCAAAATKSNTT--------------AYRLSFDYWGQGTQVTVSS,13,10
A5.1m,,,17,84.7,17,point-mutation,C. difficile toxin A,Llama,7.5,n/a,QVKLEES-GGGLVQAGGSLRLSCAASG-RTFSM-----YRMGWFRQAPGKEREFVCVITRN----GSSTYYADSVKGRFTCSRDNAKNT--VYLQMNSLKPEDTALYYCAATSGSSYL---------------DAAHVYDYWGQGTQVTVSS,13,10
A19.2m,,,,78.8,21,point-mutation,C. difficile toxin A,Llama,7.5,n/a,QVKLEES-GGGLVQPGGSLRLSCAASG-RTLSS-----YIVAWFRQAPGKEREFVCGISRR----GGNSAYVESVKGRFTCSRDNAKNT--VYLQMNSLKPEDTAVYYCAADGSVAGWGR-----------RSVSVSSYDYWGQGTQVTVSS,13,10
A20.1m,,,9.2,79.1,16,point-mutation,C. difficile toxin A,Llama,7.5,n/a,QVQLVES-GGGLAQAGGSLRLSCAASG-RTFSM-----DPMAWFRQPPGKEREFVCAGSST----GRTTYYADSVKGRFTCSRDNAKNT--VYLQMNSLKPEDTAVYYCAAAPYGANW----------------YRDEYAYWGQGTQVTVSS,13,10
A24.1m,,,,80.1,17,point-mutation,C. difficile toxin A,Llama,7.5,n/a,QVQLVES-GGGLVQAGGSLRLSCAASI-RSFSN-----RNMGWFRQPPGKEREFVCGISWG----GGSTRYADSVKGRFTCSRDNAKKT--VYLQMNSLKPEDTAVYYCAAEFGHNIA---------------TSSDEYDYWGQGTQVTVSS,13,10
A26.8m,,,28,85.3,17,point-mutation,C. difficile toxin A,Llama,7.5,n/a,QVKLEES-GGGLVQAGGSLRLSCAASE-RTFSR-----YPVAWFRQAPGAEREFVCVISST----GTSTYYADSVKGRFTCSRDNAKVT--VYLQMNNLKREDTAVYFCAVNSQRTRL---------------QDPNEYDYWGQGTQVTVSS,13,10
Z18,,,334,,17,unknown,human serum albumin (HSA),Alpaca,n/a,n/a,QVQLVES-GGGLVQAGDSLRLSCAASG-RTFSG-----YAMGWFRQAPGKEREFVARINWS----GTLTYYADSVKGRFTGSRDNAKNT--VYLQMNSLKPEDTAVYYCAQRGDSGSN---------------YDPSGYSYWGQGTQVTVSS,13,10
Z18-V2L,,,366,,17,point-mutation,human serum albumin (HSA),Alpaca,n/a,n/a,QLQLVES-GGGLVQAGDSLRLSCAASG-RTFSG-----YAMGWFRQAPGKEREFVARINWS----GTLTYYADSVKGRFTGSRDNAKNT--VYLQMNSLKPEDTAVYYCAQRGDSGSN---------------YDPSGYSYWGQGTQVTVSS,13,10
Z18-G32D,,,172,,17,point-mutation,human serum albumin (HSA),Alpaca,n/a,n/a,QVQLVES-GGGLVQAGDSLRLSCAASG-RTFSD-----YAMGWFRQAPGKEREFVARINWS----GTLTYYADSVKGRFTGSRDNAKNT--VYLQMNSLKPEDTAVYYCAQRGDSGSN---------------YDPSGYSYWGQGTQVTVSS,13,10
Z18-R50L,,,412,,17,point-mutation,human serum albumin (HSA),Alpaca,n/a,n/a,QVQLVES-GGGLVQAGDSLRLSCAASG-RTFSG-----YAMGWFRQAPGKELEFVARINWS----GTLTYYADSVKGRFTGSRDNAKNT--VYLQMNSLKPEDTAVYYCAQRGDSGSN---------------YDPSGYSYWGQGTQVTVSS,13,10
Z18-I56V,,,296,,17,point-mutation,human serum albumin (HSA),Alpaca,n/a,n/a,QVQLVES-GGGLVQAGDSLRLSCAASG-RTFSG-----YAMGWFRQAPGKEREFVARVNWS----GTLTYYADSVKGRFTGSRDNAKNT--VYLQMNSLKPEDTAVYYCAQRGDSGSN---------------YDPSGYSYWGQGTQVTVSS,13,10
Z18-T61L,,,8.63,,17,point-mutation,human serum albumin (HSA),Alpaca,n/a,n/a,QVQLVES-GGGLVQAGDSLRLSCAASG-RTFSG-----YAMGWFRQAPGKEREFVARINWS----GLLTYYADSVKGRFTGSRDNAKNT--VYLQMNSLKPEDTAVYYCAQRGDSGSN---------------YDPSGYSYWGQGTQVTVSS,13,10
Z18-G78A,,,7110,,17,point-mutation,human serum albumin (HSA),Alpaca,n/a,n/a,QVQLVES-GGGLVQAGDSLRLSCAASG-RTFSG-----YAMGWFRQAPGKEREFVARINWS----GTLTYYADSVKGRFTASRDNAKNT--VYLQMNSLKPEDTAVYYCAQRGDSGSN---------------YDPSGYSYWGQGTQVTVSS,13,10
Z18-N85S,,,344,,17,point-mutation,human serum albumin (HSA),Alpaca,n/a,n/a,QVQLVES-GGGLVQAGDSLRLSCAASG-RTFSG-----YAMGWFRQAPGKEREFVARINWS----GTLTYYADSVKGRFTGSRDNAKST--VYLQMNSLKPEDTAVYYCAQRGDSGSN---------------YDPSGYSYWGQGTQVTVSS,13,10
Z18-Y114F,,,12.9,,17,point-mutation,human serum albumin (HSA),Alpaca,n/a,n/a,QVQLVES-GGGLVQAGDSLRLSCAASG-RTFSG-----YAMGWFRQAPGKEREFVARINWS----GTLTYYADSVKGRFTGSRDNAKNT--VYLQMNSLKPEDTAVYYCAQRGDSGSN---------------FDPSGYSYWGQGTQVTVSS,13,10
Z18-S133R,,,67.2,,17,point-mutation,human serum albumin (HSA),Alpaca,n/a,n/a,QVQLVES-GGGLVQAGDSLRLSCAASG-RTFSG-----YAMGWFRQAPGKEREFVARINWS----GTLTYYADSVKGRFTGSRDNAKNT--VYLQMNSLKPEDTAVYYCAQRGDSGSN---------------YDPSGYRYWGQGTQVTVSS,13,10
Z18-R50L/G78A/S133R,,,447,,17,point-mutation,human serum albumin (HSA),Alpaca,n/a,n/a,QVQLVES-GGGLVQAGDSLRLSCAASG-RTFSG-----YAMGWFRQAPGKELEFVARINWS----GTLTYYADSVKGRFTASRDNAKNT--VYLQMNSLKPEDTAVYYCAQRGDSGSN---------------YDPSGYRYWGQGTQVTVSS,13,10
Z18-G32D/R50L/G78A/S133R,,,797,,17,point-mutation,human serum albumin (HSA),Alpaca,n/a,n/a,QVQLVES-GGGLVQAGDSLRLSCAASG-RTFSD-----YAMGWFRQAPGKELEFVARINWS----GTLTYYADSVKGRFTASRDNAKNT--VYLQMNSLKPEDTAVYYCAQRGDSGSN---------------YDPSGYRYWGQGTQVTVSS,13,10
Z26,,,0.54,65,17,unknown,human serum albumin (HSA),Alpaca,n/a,n/a,QLQLVES-GGGLVQAGDSLRLSCAASG-RTFSD-----YAMGWFRQAPGKELEFVARVIWS----GLLTYYADSVKGRFTASRDNAKST--VYLQMNSLKPEDTAVYYCAQRGDSGSN---------------FDPSGYRYWGQGTQVTVSS,13,10
SM-1,,,,78,,naïve,n/a,Shark,,n/a,,,
SM-2,,,,69,,naïve,n/a,Shark,,n/a,,,
SM-9,,,,61,,naïve,n/a,Shark,,n/a,,,
SM-4,,,,72,,naïve,n/a,Shark,,n/a,,,
SM-12,,,,72,,naïve,n/a,Shark,,n/a,,,
SM-6,,,,64,,naïve,n/a,Shark,,n/a,,,
SM-11,,,,68,,naïve,n/a,Shark,,n/a,,,
SM-5,,,,,,naïve,n/a,Shark,,n/a,,,
SM-7,,,,58,,naïve,n/a,Shark,,n/a,,,
SM-16,,,,46,,naïve,n/a,Shark,,n/a,,,
SP-1,,,,,,naïve,n/a,Shark,,n/a,,,
SP-2,,,,76,,naïve,n/a,Shark,,n/a,,,
SP-13,,,,59,,naïve,n/a,Shark,,n/a,,,
SP-3,,,,55,,naïve,n/a,Shark,,n/a,,,
SP-15,,,,72,,naïve,n/a,Shark,,n/a,,,
SP-14,,,,66,,naïve,n/a,Shark,,n/a,,,
SP-5,,,,55,,naïve,n/a,Shark,,n/a,,,
SP-4,,,,,,naïve,n/a,Shark,,n/a,,,
SP-9,,,,,,naïve,n/a,Shark,,n/a,,,
SP-CTH8,,,,64,,naïve,cholera toxin binding (SP-CTH8),Shark,0.3,n/a,,,
SP15-096-123,,53,0.37,53,,grafting,Ebola virus’ Nucleoprotein,Shark,1.25,n/a,,,
SP15-96-123EKtoWI,,66,,66,,,Ebola virus’ Nucleoprotein,Shark,1.25,n/a,,,
SP15-96-123EStoWR,,62,,,,,Ebola virus’ Nucleoprotein,Shark,1.25,n/a,,,
SP15-96-123SKtoRI,,60,,,,,Ebola virus’ Nucleoprotein,Shark,1.25,n/a,,,
